OBJECTID,Join_Count,TARGET_FID,Join_Count_1,TARGET_FID_1,Join_Count_12,TARGET_FID_12,site_key,siteiid,usiteid,site_obsdate,latitude_decimal_degrees,longitude_decimal_degrees,country_code,country_name,state_code,state_name,county_code,county_name,mlra_code,mlra_name,ssa_code,ssa_name,npark_code,npark_name,nforest_code,nforest_name,PedonName,PedonNameType,PedonClassType,OBJECTID_1,layer_key,labsampnum,project_key,site_key_1,pedon_key,layer_sequence,layer_type,layer_field_label_1,layer_field_label_2,layer_field_label_3,hzn_top,hzn_bot,hzn_desgn_old,hzn_desgn,hzn_discontinuity,hzn_master,hzn_prime,hzn_vert_subdvn,hzn_desgn_other,non_hzn_desgn,stratified_textures_flag,texture_description,OBJECTID_12,labsampnum_1,result_source_key,prep_code,al_mjelm,ca_mjelm,fe_mjelm,k_mjelm,mg_mjelm,mn_mjelm,na_mjelm,p_mjelm,si_mjelm,sr_mjelm,ti_mjelm,zr_mjelm,NLCD06,COMID,FDATE,RESOLUTION,GNIS_ID,GNIS_NAME,LENGTHKM,REACHCODE,FLOWDIR,WBAREACOMI,FTYPE,FCODE,SHAPE_LENG,ENABLED,GNIS_NBR,Permanent_Identifier,WBArea_Permanent_Identifier,BUFF_DIST,ORIG_FID,ATTRIBUTE,QAQC_CODE,WETLAND_TYPE,ACRES,MUTKEY,GRIDCODE,FEATUREID,SOURCEFC,AreaSqKM,Date
1,0,350,1,10,0,350,27947,116697,S2000WI129026-(1-7),9/13/2000,46.076107000000000,-91.6268311,US,United States,WI,Wisconsin,WI129,Washburn,90A,"Wisconsin and Minnesota Thin Loess and Till, Northern Part",WI129,"Washburn County, Wisconsin",,,,,Wozny,Wozny,series,170930,174397,01N03555,3966,27947,27996,27,horizon,S00WI-129-026-2,,,8,25,Eg1,Eg1,,E,,1,,,0,Silt loam,542,01N03555,174397,HM,49590,5738,15642,18705,3856,226,9924,1013,382828,,5143,307,41,,,,,,,,,,,,,,,,,,,,,,,449050,1010655,1850747,NHDFlowline,17.459099999999999,9/13/2000 0:00
2,0,351,1,11,0,351,27947,116697,S2000WI129026-(1-7),9/13/2000,46.076107000000000,-91.6268311,US,United States,WI,Wisconsin,WI129,Washburn,90A,"Wisconsin and Minnesota Thin Loess and Till, Northern Part",WI129,"Washburn County, Wisconsin",,,,,Wozny,Wozny,series,170931,174398,01N03556,3966,27947,27996,28,horizon,S00WI-129-026-3,,,25,43,Eg2,Eg2,,E,,2,,,0,Silt loam,543,01N03556,174398,HM,48599,6086,17245,19556,3871,266,10917,323,386947,,5189,309,41,,,,,,,,,,,,,,,,,,,,,,,449050,1010655,1850747,NHDFlowline,17.459099999999999,9/13/2000 0:00
3,0,352,1,12,0,352,27947,116697,S2000WI129026-(1-7),9/13/2000,46.076107000000000,-91.6268311,US,United States,WI,Wisconsin,WI129,Washburn,90A,"Wisconsin and Minnesota Thin Loess and Till, Northern Part",WI129,"Washburn County, Wisconsin",,,,,Wozny,Wozny,series,170932,174399,01N03557,3966,27947,27996,29,horizon,S00WI-129-026-4,,,43,74,Btg1,Btg1,,B,,1,,,0,Silt loam,544,01N03557,174399,HM,56500,5725,30473,19127,5370,417,9741,329,377297,,4985,304,41,,,,,,,,,,,,,,,,,,,,,,,449050,1010655,1850747,NHDFlowline,17.459099999999999,9/13/2000 0:00
4,0,353,1,13,0,353,27947,116697,S2000WI129026-(1-7),9/13/2000,46.076107000000000,-91.6268311,US,United States,WI,Wisconsin,WI129,Washburn,90A,"Wisconsin and Minnesota Thin Loess and Till, Northern Part",WI129,"Washburn County, Wisconsin",,,,,Wozny,Wozny,series,170933,174400,01N03554,3966,27947,27996,26,horizon,S00WI-129-026-1,,,0,8,Oa,Oa,,O,,,,,0,Muck,541,01N03554,174400,HM,39390,6873,14353,9208,2846,137,4525,2640,273187,,2687,189,41,,,,,,,,,,,,,,,,,,,,,,,449050,1010655,1850747,NHDFlowline,17.459099999999999,9/13/2000 0:00
5,0,354,1,14,0,354,27947,116697,S2000WI129026-(1-7),9/13/2000,46.076107000000000,-91.6268311,US,United States,WI,Wisconsin,WI129,Washburn,90A,"Wisconsin and Minnesota Thin Loess and Till, Northern Part",WI129,"Washburn County, Wisconsin",,,,,Wozny,Wozny,series,170934,174401,01N03558,3966,27947,27996,30,horizon,S00WI-129-026-5,,,74,94,Btg2,Btg2,,B,,2,,,0,Silt loam,545,01N03558,174401,HM,55390,6536,26614,19026,5380,269,10699,319,367033,,4980,304,41,,,,,,,,,,,,,,,,,,,,,,,449050,1010655,1850747,NHDFlowline,17.459099999999999,9/13/2000 0:00
6,0,355,1,15,0,355,27947,116697,S2000WI129026-(1-7),9/13/2000,46.076107000000000,-91.6268311,US,United States,WI,Wisconsin,WI129,Washburn,90A,"Wisconsin and Minnesota Thin Loess and Till, Northern Part",WI129,"Washburn County, Wisconsin",,,,,Wozny,Wozny,series,170935,174402,01N03559,3966,27947,27996,31,horizon,S00WI-129-026-6,,,94,142,2Cg,2Cg,2,C,,,,,1,Stratified Sandy loam to Loam,546,01N03559,174402,HM,33147,5565,22640,15299,4375,385,6088,200,397870,,3155,185,41,,,,,,,,,,,,,,,,,,,,,,,449050,1010655,1850747,NHDFlowline,17.459099999999999,9/13/2000 0:00
7,0,356,1,16,0,356,27947,116697,S2000WI129026-(1-7),9/13/2000,46.076107000000000,-91.6268311,US,United States,WI,Wisconsin,WI129,Washburn,90A,"Wisconsin and Minnesota Thin Loess and Till, Northern Part",WI129,"Washburn County, Wisconsin",,,,,Wozny,Wozny,series,170936,174403,01N03560,3966,27947,27996,32,horizon,S00WI-129-026-7,,,142,203,3Cd,3Cd,3,C,,,,,0,Loamy sand,547,01N03560,174403,HM,30317,5875,21042,16183,4628,286,5449,206,416470,,2812,163,41,,,,,,,,,,,,,,,,,,,,,,,449050,1010655,1850747,NHDFlowline,17.459099999999999,9/13/2000 0:00
8,0,406,1,17,0,406,27944,116694,S2000WI129023-(1-9),9/12/2000,46.054161100000002,-91.6257172,US,United States,WI,Wisconsin,WI129,Washburn,90A,"Wisconsin and Minnesota Thin Loess and Till, Northern Part",WI129,"Washburn County, Wisconsin",,,,,Stinnett,Stinnett,series,170905,174372,01N03530,3966,27944,27993,2,horizon,S00WI-129-023-2,,,10,18,E,E,,E,,,,,0,Silt loam,533,01N03530,174372,HM,48441,4957,23194,18867,3520,548,10133,265,352140,,5168,298,41,,,,,,,,,,,,,,,,,,,,,,,449053,1010810,1850745,NHDFlowline,3.494700000000000,9/12/2000 0:00
9,0,407,1,18,0,407,27944,116694,S2000WI129023-(1-9),9/12/2000,46.054161100000002,-91.6257172,US,United States,WI,Wisconsin,WI129,Washburn,90A,"Wisconsin and Minnesota Thin Loess and Till, Northern Part",WI129,"Washburn County, Wisconsin",,,,,Stinnett,Stinnett,series,170906,174373,01N03529,3966,27944,27993,1,horizon,S00WI-129-023-1,,,0,10,A,A,,A,,,,,0,Silt loam,532,01N03529,174373,HM,45364,6270,15494,16170,3582,825,8210,777,305938,,4602,261,41,,,,,,,,,,,,,,,,,,,,,,,449053,1010810,1850745,NHDFlowline,3.494700000000000,9/12/2000 0:00
10,0,408,1,19,0,408,27944,116694,S2000WI129023-(1-9),9/12/2000,46.054161100000002,-91.6257172,US,United States,WI,Wisconsin,WI129,Washburn,90A,"Wisconsin and Minnesota Thin Loess and Till, Northern Part",WI129,"Washburn County, Wisconsin",,,,,Stinnett,Stinnett,series,170907,174374,01N03531,3966,27944,27993,3,horizon,S00WI-129-023-3,,,18,46,E/B,E/B,,E/B,,,,,0,Silt loam,534,01N03531,174374,HM,47728,5309,22676,19574,3873,348,11058,62,360267,,5142,348,41,,,,,,,,,,,,,,,,,,,,,,,449053,1010810,1850745,NHDFlowline,3.494700000000000,9/12/2000 0:00
11,0,409,1,20,0,409,27944,116694,S2000WI129023-(1-9),9/12/2000,46.054161100000002,-91.6257172,US,United States,WI,Wisconsin,WI129,Washburn,90A,"Wisconsin and Minnesota Thin Loess and Till, Northern Part",WI129,"Washburn County, Wisconsin",,,,,Stinnett,Stinnett,series,170908,174375,01N03532,3966,27944,27993,4,horizon,S00WI-129-023-4A,,,46,74,B/E,B/E,,B/E,,,,,0,Silt loam,535,01N03532,174375,HM,56161,6343,27400,18524,5437,250,10648,220,351118,,5085,320,41,,,,,,,,,,,,,,,,,,,,,,,449053,1010810,1850745,NHDFlowline,3.494700000000000,9/12/2000 0:00
12,0,410,1,21,0,410,27944,116694,S2000WI129023-(1-9),9/12/2000,46.054161100000002,-91.6257172,US,United States,WI,Wisconsin,WI129,Washburn,90A,"Wisconsin and Minnesota Thin Loess and Till, Northern Part",WI129,"Washburn County, Wisconsin",,,,,Stinnett,Stinnett,series,170909,174376,01N03533,3966,27944,27993,5,horizon,S00WI-129-023-4B,,,46,74,B/E,B/E,,B/E,,,,,0,Loam,536,01N03533,174376,HM,53947,5426,24967,18945,4839,226,10673,140,357073,,5134,333,41,,,,,,,,,,,,,,,,,,,,,,,449053,1010810,1850745,NHDFlowline,3.494700000000000,9/12/2000 0:00
13,0,411,1,22,0,411,27944,116694,S2000WI129023-(1-9),9/12/2000,46.054161100000002,-91.6257172,US,United States,WI,Wisconsin,WI129,Washburn,90A,"Wisconsin and Minnesota Thin Loess and Till, Northern Part",WI129,"Washburn County, Wisconsin",,,,,Stinnett,Stinnett,series,170910,174377,01N03534,3966,27944,27993,6,horizon,S00WI-129-023-5,,,74,86,2Bt1,2Bt1,2,B,,1,,,0,Loam,537,01N03534,174377,HM,48946,6234,27072,17150,5304,268,8518,183,376903,,3869,239,41,,,,,,,,,,,,,,,,,,,,,,,449053,1010810,1850745,NHDFlowline,3.494700000000000,9/12/2000 0:00
14,0,412,1,23,0,412,27944,116694,S2000WI129023-(1-9),9/12/2000,46.054161100000002,-91.6257172,US,United States,WI,Wisconsin,WI129,Washburn,90A,"Wisconsin and Minnesota Thin Loess and Till, Northern Part",WI129,"Washburn County, Wisconsin",,,,,Stinnett,Stinnett,series,170911,174378,01N03535,3966,27944,27993,7,horizon,S00WI-129-023-6,,,86,104,2Bt2,2Bt2,2,B,,,,,0,Sandy loam,538,01N03535,174378,HM,39407,6249,24460,16794,4944,324,7023,174,400268,,3450,218,41,,,,,,,,,,,,,,,,,,,,,,,449053,1010810,1850745,NHDFlowline,3.494700000000000,9/12/2000 0:00
15,0,413,1,24,0,413,27944,116694,S2000WI129023-(1-9),9/12/2000,46.054161100000002,-91.6257172,US,United States,WI,Wisconsin,WI129,Washburn,90A,"Wisconsin and Minnesota Thin Loess and Till, Northern Part",WI129,"Washburn County, Wisconsin",,,,,Stinnett,Stinnett,series,170912,174379,01N03536,3966,27944,27993,8,horizon,S00WI-129-023-7,,,104,140,3Cd1,3Cd1,3,C,,,,,0,Loamy sand,539,01N03536,174379,HM,27178,5700,18403,15616,4025,258,5484,158,418628,,2440,158,41,,,,,,,,,,,,,,,,,,,,,,,449053,1010810,1850745,NHDFlowline,3.494700000000000,9/12/2000 0:00
16,0,414,1,25,0,414,27944,116694,S2000WI129023-(1-9),9/12/2000,46.054161100000002,-91.6257172,US,United States,WI,Wisconsin,WI129,Washburn,90A,"Wisconsin and Minnesota Thin Loess and Till, Northern Part",WI129,"Washburn County, Wisconsin",,,,,Stinnett,Stinnett,series,170913,174380,01N03537,3966,27944,27993,9,horizon,S00WI-129-023-8,,,140,203,3Cd2,3Cd2,3,C,,,,,0,Loamy sand,540,01N03537,174380,HM,27112,5849,19816,14632,4414,279,5184,162,420862,,2501,146,41,,,,,,,,,,,,,,,,,,,,,,,449053,1010810,1850745,NHDFlowline,3.494700000000000,9/12/2000 0:00
17,0,437,1,26,0,437,30990,141243,S2003WI003007,6/17/2003,46.030834200000001,-90.3720551,US,United States,WI,Wisconsin,WI003,Ashland,90,Central Wisconsin and Minnesota Thin Loess and Till,WI003,"Ashland County, Wisconsin",,,,,Beaverbay,Beaverbay,series,181322,191273,03N04556,4450,30990,31109,1,horizon,S03WI-003-007-1,,,0,13,A,A,,A,,,,,0,Silt loam,1785,03N04556,191273,HM,42853,6817,27507,16302,3825,1032,9338,399,335739,,5300,247,41,,,,,,,,,,,,,,,,,,,,,,,1444464,1028783,13345912,NHDFlowline,6.096600000000000,6/17/2003 0:00
18,0,791,1,27,1,791,58644,546579,S2011WI057290,8/30/2011,44.247104600000000,-90.1118469,US,United States,WI,Wisconsin,WI057,Juneau,89,Wisconsin Central Sands,WI057,"Juneau County, Wisconsin",,,,,Au Gres,Au Gres,series,353443,15868001,11N11498,5584,58644,59445,9,horizon,S11WI057290-2,,,3,6,A,A,,A,,,,,0,Sand,7058,11N11498,15868001,HM,7824,594,1526,4651,271,26,1139,93,416366,23,1368,66,90,,,,,,,,,,,,,,,,,,,PFO1C,,Freshwater Forested/Shrub Wetland,498.821245284994120,2561529,1052744,14707588,NHDFlowline,1.899000000000000,8/30/2011 0:00
19,0,792,1,28,1,792,58644,546579,S2011WI057290,8/30/2011,44.247104600000000,-90.1118469,US,United States,WI,Wisconsin,WI057,Juneau,89,Wisconsin Central Sands,WI057,"Juneau County, Wisconsin",,,,,Au Gres,Au Gres,series,353444,15868002,11N11499,5584,58644,59445,10,horizon,S11WI057290-3,,,6,13,E,E,,E,,,,,0,Sand,7059,11N11499,15868002,HM,10900,795,1789,5358,374,30,1317,144,414695,28,1748,79,90,,,,,,,,,,,,,,,,,,,PFO1C,,Freshwater Forested/Shrub Wetland,498.821245284994120,2561529,1052744,14707588,NHDFlowline,1.899000000000000,8/30/2011 0:00
20,0,793,1,29,1,793,58644,546579,S2011WI057290,8/30/2011,44.247104600000000,-90.1118469,US,United States,WI,Wisconsin,WI057,Juneau,89,Wisconsin Central Sands,WI057,"Juneau County, Wisconsin",,,,,Au Gres,Au Gres,series,353445,15868003,11N11500,5584,58644,59445,11,horizon,S11WI057290-4,,,13,16,Bh,Bh,,B,,,,,0,Sand,7060,11N11500,15868003,HM,21950,749,2933,5033,376,21,1490,379,353535,27,1310,64,90,,,,,,,,,,,,,,,,,,,PFO1C,,Freshwater Forested/Shrub Wetland,498.821245284994120,2561529,1052744,14707588,NHDFlowline,1.899000000000000,8/30/2011 0:00
21,0,794,1,30,1,794,58644,546579,S2011WI057290,8/30/2011,44.247104600000000,-90.1118469,US,United States,WI,Wisconsin,WI057,Juneau,89,Wisconsin Central Sands,WI057,"Juneau County, Wisconsin",,,,,Au Gres,Au Gres,series,353446,15868004,11N11501,5584,58644,59445,12,horizon,S11WI057290-5,,,16,20,Bhs,Bhs,,B,,,,,0,Sand,7061,11N11501,15868004,HM,22505,928,2141,5104,310,23,1673,307,333308,28,1038,49,90,,,,,,,,,,,,,,,,,,,PFO1C,,Freshwater Forested/Shrub Wetland,498.821245284994120,2561529,1052744,14707588,NHDFlowline,1.899000000000000,8/30/2011 0:00
22,0,795,1,31,1,795,58644,546579,S2011WI057290,8/30/2011,44.247104600000000,-90.1118469,US,United States,WI,Wisconsin,WI057,Juneau,89,Wisconsin Central Sands,WI057,"Juneau County, Wisconsin",,,,,Au Gres,Au Gres,series,353447,15868005,11N11502,5584,58644,59445,13,horizon,S11WI057290-6,,,20,27,Bs1,Bs1,,B,,1,,,0,Sand,7062,11N11502,15868005,HM,23012,1211,2293,6933,377,32,2448,154,377883,38,1205,73,90,,,,,,,,,,,,,,,,,,,PFO1C,,Freshwater Forested/Shrub Wetland,498.821245284994120,2561529,1052744,14707588,NHDFlowline,1.899000000000000,8/30/2011 0:00
23,0,796,1,32,1,796,58644,546579,S2011WI057290,8/30/2011,44.247104600000000,-90.1118469,US,United States,WI,Wisconsin,WI057,Juneau,89,Wisconsin Central Sands,WI057,"Juneau County, Wisconsin",,,,,Au Gres,Au Gres,series,353448,15868006,11N11503,5584,58644,59445,14,horizon,S11WI057290-7,,,27,36,Bs2,Bs2,,B,,2,,,0,Sand,7063,11N11503,15868006,HM,20109,1196,2243,7193,372,33,2564,123,396311,38,1269,76,90,,,,,,,,,,,,,,,,,,,PFO1C,,Freshwater Forested/Shrub Wetland,498.821245284994120,2561529,1052744,14707588,NHDFlowline,1.899000000000000,8/30/2011 0:00
24,0,797,1,33,1,797,58644,546579,S2011WI057290,8/30/2011,44.247104600000000,-90.1118469,US,United States,WI,Wisconsin,WI057,Juneau,89,Wisconsin Central Sands,WI057,"Juneau County, Wisconsin",,,,,Au Gres,Au Gres,series,353449,15868007,11N11504,5584,58644,59445,15,horizon,S11WI057290-8,,,36,54,C,C,,C,,,,,0,Sand,7064,11N11504,15868007,HM,14959,1672,2891,7365,689,48,2811,45,405057,41,1020,65,90,,,,,,,,,,,,,,,,,,,PFO1C,,Freshwater Forested/Shrub Wetland,498.821245284994120,2561529,1052744,14707588,NHDFlowline,1.899000000000000,8/30/2011 0:00
25,0,798,1,34,1,798,58644,546579,S2011WI057290,8/30/2011,44.247104600000000,-90.1118469,US,United States,WI,Wisconsin,WI057,Juneau,89,Wisconsin Central Sands,WI057,"Juneau County, Wisconsin",,,,,Au Gres,Au Gres,series,353450,15868008,11N11505,5584,58644,59445,16,horizon,S11WI057290-9,,,54,80,Cd1,Cd1,,C,,1,,,0,Sand,7065,11N11505,15868008,HM,17968,2960,9677,10149,1440,102,3941,98,312256,57,1192,76,90,,,,,,,,,,,,,,,,,,,PFO1C,,Freshwater Forested/Shrub Wetland,498.821245284994120,2561529,1052744,14707588,NHDFlowline,1.899000000000000,8/30/2011 0:00
26,0,799,1,35,1,799,58644,546579,S2011WI057290,8/30/2011,44.247104600000000,-90.1118469,US,United States,WI,Wisconsin,WI057,Juneau,89,Wisconsin Central Sands,WI057,"Juneau County, Wisconsin",,,,,Au Gres,Au Gres,series,353451,15868009,11N11506,5584,58644,59445,17,horizon,S11WI057290-10,,,80,100,Cd2,Cd2,,C,,2,,,0,Sand,7066,11N11506,15868009,HM,10301,1377,2982,6280,602,21,2273,30,438608,35,508,32,90,,,,,,,,,,,,,,,,,,,PFO1C,,Freshwater Forested/Shrub Wetland,498.821245284994120,2561529,1052744,14707588,NHDFlowline,1.899000000000000,8/30/2011 0:00
27,0,800,1,36,0,800,58643,580852,S2011WI057067,8/30/2011,44.187332200000000,-90.0027237,US,United States,WI,Wisconsin,WI057,Juneau,89,Wisconsin Central Sands,WI057,"Juneau County, Wisconsin",,,,,Friendship,Friendship,series,353435,15867993,11N11490,5584,58643,59444,1,horizon,S11WI057067-2,,,3,20,A/B,A/B,,A/B,,,,,0,Sand,7050,11N11490,15867993,HM,16866,1625,14928,7895,775,229,2951,251,376969,44,815,49,42,,,,,,,,,,,,,,,,,,,,,,,2561533,1054622,14708130,NHDFlowline,27.283500000000000,8/30/2011 0:00
28,0,801,1,37,0,801,58643,580852,S2011WI057067,8/30/2011,44.187332200000000,-90.0027237,US,United States,WI,Wisconsin,WI057,Juneau,89,Wisconsin Central Sands,WI057,"Juneau County, Wisconsin",,,,,Friendship,Friendship,series,353436,15867994,11N11491,5584,58643,59444,2,horizon,S11WI057067-3,,,20,53,Bw1,Bw1,,B,,1,,,0,Sand,7051,11N11491,15867994,HM,15547,1245,16538,7728,605,39,2655,189,393409,39,741,49,42,,,,,,,,,,,,,,,,,,,,,,,2561533,1054622,14708130,NHDFlowline,27.283500000000000,8/30/2011 0:00
29,0,802,1,38,0,802,58643,580852,S2011WI057067,8/30/2011,44.187332200000000,-90.0027237,US,United States,WI,Wisconsin,WI057,Juneau,89,Wisconsin Central Sands,WI057,"Juneau County, Wisconsin",,,,,Friendship,Friendship,series,353437,15867995,11N11492,5584,58643,59444,3,horizon,S11WI057067-4,,,53,94,Bw2,Bw2,,B,,2,,,0,Sand,7052,11N11492,15867995,HM,16942,1591,11540,8930,691,35,3344,163,403954,47,716,51,42,,,,,,,,,,,,,,,,,,,,,,,2561533,1054622,14708130,NHDFlowline,27.283500000000000,8/30/2011 0:00
30,0,803,1,39,0,803,58643,580852,S2011WI057067,8/30/2011,44.187332200000000,-90.0027237,US,United States,WI,Wisconsin,WI057,Juneau,89,Wisconsin Central Sands,WI057,"Juneau County, Wisconsin",,,,,Friendship,Friendship,series,353438,15867996,11N11493,5584,58643,59444,4,horizon,S11WI057067-5,,,94,106,C1,C1,,C,,1,,,0,Sand,7053,11N11493,15867996,HM,16960,1937,7136,8207,963,46,4035,117,409653,51,620,45,42,,,,,,,,,,,,,,,,,,,,,,,2561533,1054622,14708130,NHDFlowline,27.283500000000000,8/30/2011 0:00
31,0,804,1,40,0,804,58643,580852,S2011WI057067,8/30/2011,44.187332200000000,-90.0027237,US,United States,WI,Wisconsin,WI057,Juneau,89,Wisconsin Central Sands,WI057,"Juneau County, Wisconsin",,,,,Friendship,Friendship,series,353439,15867997,11N11494,5584,58643,59444,5,horizon,S11WI057067-6,,,106,118,C2,C2,,C,,2,,,0,Sand,7054,11N11494,15867997,HM,16369,2001,6115,8221,950,55,3804,95,408426,51,657,47,42,,,,,,,,,,,,,,,,,,,,,,,2561533,1054622,14708130,NHDFlowline,27.283500000000000,8/30/2011 0:00
32,0,805,1,41,0,805,58643,580852,S2011WI057067,8/30/2011,44.187332200000000,-90.0027237,US,United States,WI,Wisconsin,WI057,Juneau,89,Wisconsin Central Sands,WI057,"Juneau County, Wisconsin",,,,,Friendship,Friendship,series,353440,15867998,11N11495,5584,58643,59444,6,horizon,S11WI057067-7,,,118,141,C3,C3,,C,,3,,,0,Sand,7055,11N11495,15867998,HM,16651,2007,4747,8805,851,39,3946,29,402954,52,571,45,42,,,,,,,,,,,,,,,,,,,,,,,2561533,1054622,14708130,NHDFlowline,27.283500000000000,8/30/2011 0:00
33,0,806,1,42,0,806,58643,580852,S2011WI057067,8/30/2011,44.187332200000000,-90.0027237,US,United States,WI,Wisconsin,WI057,Juneau,89,Wisconsin Central Sands,WI057,"Juneau County, Wisconsin",,,,,Friendship,Friendship,series,353441,15867999,11N11496,5584,58643,59444,7,horizon,S11WI057067-8,,,141,177,C4,C4,,C,,4,,,0,Coarse sand,7056,11N11496,15867999,HM,16855,2365,5313,8389,1021,44,4566,82,413254,56,552,47,42,,,,,,,,,,,,,,,,,,,,,,,2561533,1054622,14708130,NHDFlowline,27.283500000000000,8/30/2011 0:00
34,0,807,1,43,0,807,58643,580852,S2011WI057067,8/30/2011,44.187332200000000,-90.0027237,US,United States,WI,Wisconsin,WI057,Juneau,89,Wisconsin Central Sands,WI057,"Juneau County, Wisconsin",,,,,Friendship,Friendship,series,353442,15868000,11N11497,5584,58643,59444,8,horizon,S11WI057067-9,,,177,215,C5,C5,,C,,5,,,0,Coarse sand,7057,11N11497,15868000,HM,15363,2260,4827,8027,1009,56,4125,56,410984,54,552,44,42,,,,,,,,,,,,,,,,,,,,,,,2561533,1054622,14708130,NHDFlowline,27.283500000000000,8/30/2011 0:00
35,0,808,1,44,0,808,58645,580792,S2011WI057007,8/30/2011,44.163265199999998,-90.2694702,US,United States,WI,Wisconsin,WI057,Juneau,89,Wisconsin Central Sands,WI057,"Juneau County, Wisconsin",,,,,Tint,Tint,taxadjunct,353453,15868011,11N11508,5584,58645,59446,19,horizon,S11WI057007-3,,,8,54,Bw1,Bw1,,B,,1,,,0,Sand,7067,11N11508,15868011,HM,7990,269,3686,2174,470,16,436,128,434569,15,539,42,42,,,,,,,,,,,,,,,,,,,,,,,2561544,1051814,14708064,NHDFlowline,1.053900000000000,8/30/2011 0:00
36,0,809,1,45,0,809,58645,580792,S2011WI057007,8/30/2011,44.163265199999998,-90.2694702,US,United States,WI,Wisconsin,WI057,Juneau,89,Wisconsin Central Sands,WI057,"Juneau County, Wisconsin",,,,,Tint,Tint,taxadjunct,353454,15868012,11N11509,5584,58645,59446,20,horizon,S11WI057007-4,,,54,75,Bw2,Bw2,,B,,2,,,0,Sand,7068,11N11509,15868012,HM,4798,154,2124,1643,234,9,255,111,437900,12,304,32,42,,,,,,,,,,,,,,,,,,,,,,,2561544,1051814,14708064,NHDFlowline,1.053900000000000,8/30/2011 0:00
37,0,810,1,46,0,810,58645,580792,S2011WI057007,8/30/2011,44.163265199999998,-90.2694702,US,United States,WI,Wisconsin,WI057,Juneau,89,Wisconsin Central Sands,WI057,"Juneau County, Wisconsin",,,,,Tint,Tint,taxadjunct,353455,15868013,11N11510,5584,58645,59446,21,horizon,S11WI057007-5,,,75,147,C1,C1,,C,,1,,,0,Sand,7069,11N11510,15868013,HM,2370,125,859,1457,69,13,161,26,451745,11,150,37,42,,,,,,,,,,,,,,,,,,,,,,,2561544,1051814,14708064,NHDFlowline,1.053900000000000,8/30/2011 0:00
38,0,811,1,47,0,811,58645,580792,S2011WI057007,8/30/2011,44.163265199999998,-90.2694702,US,United States,WI,Wisconsin,WI057,Juneau,89,Wisconsin Central Sands,WI057,"Juneau County, Wisconsin",,,,,Tint,Tint,taxadjunct,353456,15868014,11N11511,5584,58645,59446,22,horizon,S11WI057007-6,,,147,171,C2,C2,,C,,2,,,0,Sand,7070,11N11511,15868014,HM,2241,77,811,1721,37,-1,145,-23,445545,11,142,28,42,,,,,,,,,,,,,,,,,,,,,,,2561544,1051814,14708064,NHDFlowline,1.053900000000000,8/30/2011 0:00
39,0,812,1,48,0,812,58645,580792,S2011WI057007,8/30/2011,44.163265199999998,-90.2694702,US,United States,WI,Wisconsin,WI057,Juneau,89,Wisconsin Central Sands,WI057,"Juneau County, Wisconsin",,,,,Tint,Tint,taxadjunct,353457,15868015,11N11512,5584,58645,59446,23,horizon,S11WI057007-7,,,171,208,C3,C3,,C,,3,,,0,Sand,7071,11N11512,15868015,HM,2282,243,1156,1326,95,10,253,17,437537,10,174,51,42,,,,,,,,,,,,,,,,,,,,,,,2561544,1051814,14708064,NHDFlowline,1.053900000000000,8/30/2011 0:00
40,0,419,1,60,0,419,27941,117528,S2000SD029-004,6/15/2000,44.976928700000002,-97.2486877,US,United States,SD,South Dakota,SD029,Codington,102A,Rolling Till Prairie,SD029,"Codington County, South Dakota",,,,,Fordville,Fordville,series,170888,174355,01N03392,3965,27941,27990,5,horizon,S00SD-029-004-1,,,0,15,Ap,Ap,,A,,,,,0,Loam,507,01N03392,174355,HM,45714,8648,18520,15517,4033,1173,10260,753,273687,,2260,107,71,,,,,,,,,,,,,,,,,,,,,,,2713022,783332,-127806,Sink,30.325500000000002,6/15/2000 0:00
41,0,420,1,61,0,420,27941,117528,S2000SD029-004,6/15/2000,44.976928700000002,-97.2486877,US,United States,SD,South Dakota,SD029,Codington,102A,Rolling Till Prairie,SD029,"Codington County, South Dakota",,,,,Fordville,Fordville,series,170889,174356,01N03393,3965,27941,27990,6,horizon,S00SD-029-004-2,,,15,30,Bw1,Bw1,,B,,1,,,0,Loam,508,01N03393,174356,HM,49031,8007,19949,15702,4230,967,11083,657,316217,,2324,114,71,,,,,,,,,,,,,,,,,,,,,,,2713022,783332,-127806,Sink,30.325500000000002,6/15/2000 0:00
42,0,421,1,62,0,421,27941,117528,S2000SD029-004,6/15/2000,44.976928700000002,-97.2486877,US,United States,SD,South Dakota,SD029,Codington,102A,Rolling Till Prairie,SD029,"Codington County, South Dakota",,,,,Fordville,Fordville,series,170890,174357,01N03394,3965,27941,27990,7,horizon,S00SD-029-004-3,,,30,48,Bw2,Bw2,,B,,2,,,0,Loam,509,01N03394,174357,HM,43664,7816,17199,14220,3872,1149,11702,412,315246,,1826,96,71,,,,,,,,,,,,,,,,,,,,,,,2713022,783332,-127806,Sink,30.325500000000002,6/15/2000 0:00
43,0,422,1,63,0,422,27941,117528,S2000SD029-004,6/15/2000,44.976928700000002,-97.2486877,US,United States,SD,South Dakota,SD029,Codington,102A,Rolling Till Prairie,SD029,"Codington County, South Dakota",,,,,Fordville,Fordville,series,170891,174358,01N03395,3965,27941,27990,8,horizon,S00SD-029-004-4,,,48,61,Bw3,Bw3,,B,,3,,,0,Loam,510,01N03395,174358,HM,51025,8931,23018,16285,5572,1117,11210,561,327788,,2863,138,71,,,,,,,,,,,,,,,,,,,,,,,2713022,783332,-127806,Sink,30.325500000000002,6/15/2000 0:00
44,0,423,1,64,0,423,27941,117528,S2000SD029-004,6/15/2000,44.976928700000002,-97.2486877,US,United States,SD,South Dakota,SD029,Codington,102A,Rolling Till Prairie,SD029,"Codington County, South Dakota",,,,,Fordville,Fordville,series,170892,174359,01N03396,3965,27941,27990,9,horizon,S00SD-029-004-5,,,61,84,Bk1,Bk1,,B,,1,,,0,Loam,511,01N03396,174359,HM,35071,89786,14475,11475,13791,990,9108,551,257806,,1675,84,71,,,,,,,,,,,,,,,,,,,,,,,2713022,783332,-127806,Sink,30.325500000000002,6/15/2000 0:00
45,0,424,1,65,0,424,27941,117528,S2000SD029-004,6/15/2000,44.976928700000002,-97.2486877,US,United States,SD,South Dakota,SD029,Codington,102A,Rolling Till Prairie,SD029,"Codington County, South Dakota",,,,,Fordville,Fordville,series,170893,174360,01N03397,3965,27941,27990,10,horizon,S00SD-029-004-6,,,84,104,2Bk2,2Bk2,2,B,,2,,,0,Very gravelly Loamy sand,512,01N03397,174360,HM,34432,59807,16146,10848,12810,985,12809,336,267385,,1056,60,71,,,,,,,,,,,,,,,,,,,,,,,2713022,783332,-127806,Sink,30.325500000000002,6/15/2000 0:00
46,0,425,1,66,0,425,27941,117528,S2000SD029-004,6/15/2000,44.976928700000002,-97.2486877,US,United States,SD,South Dakota,SD029,Codington,102A,Rolling Till Prairie,SD029,"Codington County, South Dakota",,,,,Fordville,Fordville,series,170894,174361,01N03398,3965,27941,27990,11,horizon,S00SD-029-004-7,,,104,203,2C,2C,2,C,,,,,0,Very gravelly Sand,513,01N03398,174361,HM,33828,55722,14938,11174,11943,1238,12628,364,285273,,883,50,71,,,,,,,,,,,,,,,,,,,,,,,2713022,783332,-127806,Sink,30.325500000000002,6/15/2000 0:00
47,0,754,1,67,0,754,49676,438435,S2010SD109001,8/5/2010,45.629970600000000,-97.0833969,US,United States,SD,South Dakota,SD109,Roberts,102A,Rolling Till Prairie,SD109,"Roberts County, South Dakota",,,,,Schmidt Fen 1,Schmidt Fen 1,series,299128,15812762,10N06264,5448,49676,50402,29,horizon,S10SD109001-1,,,0,8,,,,,,,,,0,,6505,10N06264,15812762,GP,583,369968,5212,510,4165,5059,451,379,-290,883,9,7,81,,,,,,,,,,,,,,,,,,,,,,,417861,999398,4071746,NHDFlowline,1.071900000000000,8/5/2010 0:00
48,0,755,1,68,0,755,49676,438435,S2010SD109001,8/5/2010,45.629970600000000,-97.0833969,US,United States,SD,South Dakota,SD109,Roberts,102A,Rolling Till Prairie,SD109,"Roberts County, South Dakota",,,,,Schmidt Fen 1,Schmidt Fen 1,series,299129,15812763,10N06265,5448,49676,50402,30,horizon,S10SD109001-2,,,8,25,Oi1,Oi1,,O,,1,,,0,,6506,10N06265,15812763,HM,5519,264325,50184,1880,4256,3687,1106,739,35409,609,297,7,81,,,,,,,,,,,,,,,,,,,,,,,417861,999398,4071746,NHDFlowline,1.071900000000000,8/5/2010 0:00
49,0,756,1,69,0,756,49676,438435,S2010SD109001,8/5/2010,45.629970600000000,-97.0833969,US,United States,SD,South Dakota,SD109,Roberts,102A,Rolling Till Prairie,SD109,"Roberts County, South Dakota",,,,,Schmidt Fen 1,Schmidt Fen 1,series,299130,15812764,10N06266,5448,49676,50402,31,horizon,S10SD109001-3,,,25,69,Oi2,Oi2,,O,,2,,,0,,6507,10N06266,15812764,HM,9998,118444,52028,3326,4355,540,1874,1083,64599,338,548,17,81,,,,,,,,,,,,,,,,,,,,,,,417861,999398,4071746,NHDFlowline,1.071900000000000,8/5/2010 0:00
50,0,757,1,70,0,757,49676,438435,S2010SD109001,8/5/2010,45.629970600000000,-97.0833969,US,United States,SD,South Dakota,SD109,Roberts,102A,Rolling Till Prairie,SD109,"Roberts County, South Dakota",,,,,Schmidt Fen 1,Schmidt Fen 1,series,299131,15812765,10N06267,5448,49676,50402,32,horizon,S10SD109001-4,,,86,135,Oe1,Oe1,,O,,1,,,0,,6508,10N06267,15812765,HM,3199,246281,67464,995,3930,906,749,324,19019,544,158,5,81,,,,,,,,,,,,,,,,,,,,,,,417861,999398,4071746,NHDFlowline,1.071900000000000,8/5/2010 0:00
51,0,758,1,71,0,758,49676,438435,S2010SD109001,8/5/2010,45.629970600000000,-97.0833969,US,United States,SD,South Dakota,SD109,Roberts,102A,Rolling Till Prairie,SD109,"Roberts County, South Dakota",,,,,Schmidt Fen 1,Schmidt Fen 1,series,299132,15812766,10N06268,5448,49676,50402,33,horizon,S10SD109001-5,,,135,193,Oe2,Oe2,,O,,2,,,0,,6509,10N06268,15812766,HM,3418,209865,86730,1105,3641,677,755,342,18785,535,179,0,81,,,,,,,,,,,,,,,,,,,,,,,417861,999398,4071746,NHDFlowline,1.071900000000000,8/5/2010 0:00
52,0,759,1,72,0,759,49676,438435,S2010SD109001,8/5/2010,45.629970600000000,-97.0833969,US,United States,SD,South Dakota,SD109,Roberts,102A,Rolling Till Prairie,SD109,"Roberts County, South Dakota",,,,,Schmidt Fen 1,Schmidt Fen 1,series,299133,15812767,10N06269,5448,49676,50402,34,horizon,S10SD109001-6,,,193,203,Oe3,Oe3,,O,,3,,,0,,6510,10N06269,15812767,HM,3607,266559,62922,1097,4194,732,761,229,19249,524,179,3,81,,,,,,,,,,,,,,,,,,,,,,,417861,999398,4071746,NHDFlowline,1.071900000000000,8/5/2010 0:00
53,0,760,1,73,1,760,49673,438432,S2010SD039002,8/4/2010,44.747383100000000,-96.5357285,US,United States,SD,South Dakota,SD039,Deuel,102A,Rolling Till Prairie,SD039,"Deuel County, South Dakota",,,,,7 Mile Fen,7 Mile Fen,series,299107,15812741,10N06243,5448,49673,50399,8,horizon,S10SD039002-1,,,0,13,Oi1,Oi1,,O,,1,,,0,,6484,10N06243,15812741,HM,10934,144180,8568,3902,5518,8643,1954,1096,58141,208,644,23,81,,,,,,,,,,,,,,,,,,,PEM1Cd,,Freshwater Emergent Wetland,95.469058952273301,2712953,1000978,4112900,NHDFlowline,0.0441,8/4/2010 0:00
54,0,761,1,74,1,761,49673,438432,S2010SD039002,8/4/2010,44.747383100000000,-96.5357285,US,United States,SD,South Dakota,SD039,Deuel,102A,Rolling Till Prairie,SD039,"Deuel County, South Dakota",,,,,7 Mile Fen,7 Mile Fen,series,299108,15812742,10N06244,5448,49673,50399,9,horizon,S10SD039002-2,,,13,56,Oi2,Oi2,,O,,2,,,0,,6485,10N06244,15812742,HM,23538,44212,12024,7249,6672,379,3981,923,117270,119,1301,56,81,,,,,,,,,,,,,,,,,,,PEM1Cd,,Freshwater Emergent Wetland,95.469058952273301,2712953,1000978,4112900,NHDFlowline,0.0441,8/4/2010 0:00
55,0,762,1,75,1,762,49673,438432,S2010SD039002,8/4/2010,44.747383100000000,-96.5357285,US,United States,SD,South Dakota,SD039,Deuel,102A,Rolling Till Prairie,SD039,"Deuel County, South Dakota",,,,,7 Mile Fen,7 Mile Fen,series,299109,15812743,10N06245,5448,49673,50399,10,horizon,S10SD039002-3,,,56,119,Oa1,Oa1,,O,,1,,,0,,6486,10N06245,15812743,HM,21156,70835,64604,6551,8582,2545,4031,798,112321,134,1141,50,81,,,,,,,,,,,,,,,,,,,PEM1Cd,,Freshwater Emergent Wetland,95.469058952273301,2712953,1000978,4112900,NHDFlowline,0.0441,8/4/2010 0:00
56,0,763,1,76,1,763,49673,438432,S2010SD039002,8/4/2010,44.747383100000000,-96.5357285,US,United States,SD,South Dakota,SD039,Deuel,102A,Rolling Till Prairie,SD039,"Deuel County, South Dakota",,,,,7 Mile Fen,7 Mile Fen,series,299110,15812744,10N06246,5448,49673,50399,11,horizon,S10SD039002-4,,,119,150,Oa2,Oa2,,O,,2,,,0,,6487,10N06246,15812744,HM,16302,128934,45098,4894,5961,2223,2776,682,82654,184,896,35,81,,,,,,,,,,,,,,,,,,,PEM1Cd,,Freshwater Emergent Wetland,95.469058952273301,2712953,1000978,4112900,NHDFlowline,0.0441,8/4/2010 0:00
57,0,764,1,77,1,764,49673,438432,S2010SD039002,8/4/2010,44.747383100000000,-96.5357285,US,United States,SD,South Dakota,SD039,Deuel,102A,Rolling Till Prairie,SD039,"Deuel County, South Dakota",,,,,7 Mile Fen,7 Mile Fen,series,299111,15812745,10N06247,5448,49673,50399,12,horizon,S10SD039002-5,,,150,175,Oc,Oc,,O,,,,,0,,6488,10N06247,15812745,HM,9041,258682,26699,2666,4535,2497,1400,329,42501,272,459,15,81,,,,,,,,,,,,,,,,,,,PEM1Cd,,Freshwater Emergent Wetland,95.469058952273301,2712953,1000978,4112900,NHDFlowline,0.0441,8/4/2010 0:00
58,0,765,1,78,1,765,49673,438432,S2010SD039002,8/4/2010,44.747383100000000,-96.5357285,US,United States,SD,South Dakota,SD039,Deuel,102A,Rolling Till Prairie,SD039,"Deuel County, South Dakota",,,,,7 Mile Fen,7 Mile Fen,series,299112,15812746,10N06248,5448,49673,50399,13,horizon,S10SD039002-6,,,175,193,2Cg,2Cg,2,C,,,,,0,,6489,10N06248,15812746,S,3306,306886,22877,942,2684,2425,286,147,14341,311,158,4,81,,,,,,,,,,,,,,,,,,,PEM1Cd,,Freshwater Emergent Wetland,95.469058952273301,2712953,1000978,4112900,NHDFlowline,0.0441,8/4/2010 0:00
59,0,766,1,79,1,766,49673,438432,S2010SD039002,8/4/2010,44.747383100000000,-96.5357285,US,United States,SD,South Dakota,SD039,Deuel,102A,Rolling Till Prairie,SD039,"Deuel County, South Dakota",,,,,7 Mile Fen,7 Mile Fen,series,299113,15812747,10N06249,5448,49673,50399,14,horizon,S10SD039002-7,,,193,203,2Oab,2Oab,2,O,,,,,0,,6490,10N06249,15812747,S,674,262389,67397,241,2306,8614,141,232,3721,293,20,-5,81,,,,,,,,,,,,,,,,,,,PEM1Cd,,Freshwater Emergent Wetland,95.469058952273301,2712953,1000978,4112900,NHDFlowline,0.0441,8/4/2010 0:00
60,1,767,1,80,0,767,49677,536786,S2010SD109002,8/5/2010,45.630058300000002,-97.0830307,US,United States,SD,South Dakota,SD109,Roberts,102A,Rolling Till Prairie,SD109,"Roberts County, South Dakota",,,,,Schmidt Fen 2,Schmidt Fen 2,series,299134,15812768,10N06270,5448,49677,50403,35,horizon,S10SD109002-1,,,0,18,Oi1,Oi1,,O,,1,,,0,,6511,10N06270,15812768,HM,3610,93450,99774,2229,4088,886,960,1374,29543,346,198,0,43,4071746,8/3/1999 0:00,Medium, , ,3.050000000000000,07020001001091,With Digitized,0,StreamRiver,46003,0.034551771,TRUE,0,,,100.000000000000000,189015,,,,,417861,999398,4071746,NHDFlowline,1.071900000000000,8/5/2010 0:00
61,1,768,1,81,0,768,49677,536786,S2010SD109002,8/5/2010,45.630058300000002,-97.0830307,US,United States,SD,South Dakota,SD109,Roberts,102A,Rolling Till Prairie,SD109,"Roberts County, South Dakota",,,,,Schmidt Fen 2,Schmidt Fen 2,series,299135,15812769,10N06271,5448,49677,50403,36,horizon,S10SD109002-2,,,18,38,Oi2,Oi2,,O,,2,,,0,,6512,10N06271,15812769,HM,13662,55781,72282,4231,4387,427,2124,969,64360,210,754,24,43,4071746,8/3/1999 0:00,Medium, , ,3.050000000000000,07020001001091,With Digitized,0,StreamRiver,46003,0.034551771,TRUE,0,,,100.000000000000000,189015,,,,,417861,999398,4071746,NHDFlowline,1.071900000000000,8/5/2010 0:00
62,1,769,1,82,0,769,49677,536786,S2010SD109002,8/5/2010,45.630058300000002,-97.0830307,US,United States,SD,South Dakota,SD109,Roberts,102A,Rolling Till Prairie,SD109,"Roberts County, South Dakota",,,,,Schmidt Fen 2,Schmidt Fen 2,series,299136,15812770,10N06272,5448,49677,50403,37,horizon,S10SD109002-3,,,38,89,Oe1,Oe1,,O,,1,,,0,,6513,10N06272,15812770,HM,28032,80855,36593,8189,5251,409,4080,708,133567,314,1396,51,43,4071746,8/3/1999 0:00,Medium, , ,3.050000000000000,07020001001091,With Digitized,0,StreamRiver,46003,0.034551771,TRUE,0,,,100.000000000000000,189015,,,,,417861,999398,4071746,NHDFlowline,1.071900000000000,8/5/2010 0:00
63,1,770,1,83,0,770,49677,536786,S2010SD109002,8/5/2010,45.630058300000002,-97.0830307,US,United States,SD,South Dakota,SD109,Roberts,102A,Rolling Till Prairie,SD109,"Roberts County, South Dakota",,,,,Schmidt Fen 2,Schmidt Fen 2,series,299137,15812771,10N06273,5448,49677,50403,38,horizon,S10SD109002-4,,,89,127,Oe2,Oe2,,O,,2,,,0,,6514,10N06273,15812771,HM,14579,159211,48537,4285,4835,865,2063,604,75363,487,754,23,43,4071746,8/3/1999 0:00,Medium, , ,3.050000000000000,07020001001091,With Digitized,0,StreamRiver,46003,0.034551771,TRUE,0,,,100.000000000000000,189015,,,,,417861,999398,4071746,NHDFlowline,1.071900000000000,8/5/2010 0:00
64,1,771,1,84,0,771,49677,536786,S2010SD109002,8/5/2010,45.630058300000002,-97.0830307,US,United States,SD,South Dakota,SD109,Roberts,102A,Rolling Till Prairie,SD109,"Roberts County, South Dakota",,,,,Schmidt Fen 2,Schmidt Fen 2,series,299138,15812772,10N06274,5448,49677,50403,39,horizon,S10SD109002-5,,,127,191,Oa,Oa,,O,,,,,0,,6515,10N06274,15812772,HM,14872,202694,37360,4428,5048,1176,2711,426,85385,592,783,32,43,4071746,8/3/1999 0:00,Medium, , ,3.050000000000000,07020001001091,With Digitized,0,StreamRiver,46003,0.034551771,TRUE,0,,,100.000000000000000,189015,,,,,417861,999398,4071746,NHDFlowline,1.071900000000000,8/5/2010 0:00
65,1,772,1,85,0,772,49677,536786,S2010SD109002,8/5/2010,45.630058300000002,-97.0830307,US,United States,SD,South Dakota,SD109,Roberts,102A,Rolling Till Prairie,SD109,"Roberts County, South Dakota",,,,,Schmidt Fen 2,Schmidt Fen 2,series,299139,15812773,10N06275,5448,49677,50403,40,horizon,S10SD109002-6,,,191,203,2Cg,2Cg,2,C,,,,,0,,6516,10N06275,15812773,HM,36227,83287,50573,11575,11060,1382,9635,387,213349,255,1361,49,43,4071746,8/3/1999 0:00,Medium, , ,3.050000000000000,07020001001091,With Digitized,0,StreamRiver,46003,0.034551771,TRUE,0,,,100.000000000000000,189015,,,,,417861,999398,4071746,NHDFlowline,1.071900000000000,8/5/2010 0:00
66,1,773,1,86,1,773,49675,438434,S2010SD039004,8/4/2010,44.814704900000002,-96.6241074,US,United States,SD,South Dakota,SD039,Deuel,102A,Rolling Till Prairie,SD039,"Deuel County, South Dakota",,,,,Hoffman Fen,Hoffman Fen,series,299121,15812755,10N06257,5448,49675,50401,22,horizon,S10SD039004-1,,,0,5,,,,,,,,,0,,6498,10N06257,15812755,GP,595,367043,9323,370,3648,17453,251,344,559,404,96,7,95,4112022,7/13/1999 0:00,Medium,1256523,Monighan Creek,4.774000000000000,07020003000479,With Digitized,0,StreamRiver,46003,0.052909469,TRUE,0,,,100.000000000000000,190860,PEM1/ABF,,Freshwater Emergent Wetland,10.511994008466544,416831,1001228,4112022,NHDFlowline,5.457600000000000,8/4/2010 0:00
67,1,774,1,87,1,774,49675,438434,S2010SD039004,8/4/2010,44.814704900000002,-96.6241074,US,United States,SD,South Dakota,SD039,Deuel,102A,Rolling Till Prairie,SD039,"Deuel County, South Dakota",,,,,Hoffman Fen,Hoffman Fen,series,299122,15812756,10N06258,5448,49675,50401,23,horizon,S10SD039004-2,,,5,10,,,,,,,,,0,,6499,10N06258,15812756,GP,528,301566,89966,367,3063,13236,249,649,13541,365,72,3,95,4112022,7/13/1999 0:00,Medium,1256523,Monighan Creek,4.774000000000000,07020003000479,With Digitized,0,StreamRiver,46003,0.052909469,TRUE,0,,,100.000000000000000,190860,PEM1/ABF,,Freshwater Emergent Wetland,10.511994008466544,416831,1001228,4112022,NHDFlowline,5.457600000000000,8/4/2010 0:00
68,1,775,1,88,1,775,49675,438434,S2010SD039004,8/4/2010,44.814704900000002,-96.6241074,US,United States,SD,South Dakota,SD039,Deuel,102A,Rolling Till Prairie,SD039,"Deuel County, South Dakota",,,,,Hoffman Fen,Hoffman Fen,series,299123,15812757,10N06259,5448,49675,50401,24,horizon,S10SD039004-3,,,10,18,Oi1,Oi1,,O,,1,,,0,,6500,10N06259,15812757,HM,776,256970,112766,541,2986,22859,298,802,22782,371,25,-11,95,4112022,7/13/1999 0:00,Medium,1256523,Monighan Creek,4.774000000000000,07020003000479,With Digitized,0,StreamRiver,46003,0.052909469,TRUE,0,,,100.000000000000000,190860,PEM1/ABF,,Freshwater Emergent Wetland,10.511994008466544,416831,1001228,4112022,NHDFlowline,5.457600000000000,8/4/2010 0:00
69,1,776,1,89,1,776,49675,438434,S2010SD039004,8/4/2010,44.814704900000002,-96.6241074,US,United States,SD,South Dakota,SD039,Deuel,102A,Rolling Till Prairie,SD039,"Deuel County, South Dakota",,,,,Hoffman Fen,Hoffman Fen,series,299124,15812758,10N06260,5448,49675,50401,25,horizon,S10SD039004-4,,,18,43,Oi2,Oi2,,O,,2,,,0,,6501,10N06260,15812758,HM,2978,298081,23991,972,3430,4298,639,413,19604,363,156,4,95,4112022,7/13/1999 0:00,Medium,1256523,Monighan Creek,4.774000000000000,07020003000479,With Digitized,0,StreamRiver,46003,0.052909469,TRUE,0,,,100.000000000000000,190860,PEM1/ABF,,Freshwater Emergent Wetland,10.511994008466544,416831,1001228,4112022,NHDFlowline,5.457600000000000,8/4/2010 0:00
70,1,777,1,90,1,777,49675,438434,S2010SD039004,8/4/2010,44.814704900000002,-96.6241074,US,United States,SD,South Dakota,SD039,Deuel,102A,Rolling Till Prairie,SD039,"Deuel County, South Dakota",,,,,Hoffman Fen,Hoffman Fen,series,299125,15812759,10N06261,5448,49675,50401,26,horizon,S10SD039004-5,,,43,84,Oi3,Oi3,,O,,3,,,0,,6502,10N06261,15812759,HM,5057,217479,22554,1658,3237,5326,968,824,31779,296,278,9,95,4112022,7/13/1999 0:00,Medium,1256523,Monighan Creek,4.774000000000000,07020003000479,With Digitized,0,StreamRiver,46003,0.052909469,TRUE,0,,,100.000000000000000,190860,PEM1/ABF,,Freshwater Emergent Wetland,10.511994008466544,416831,1001228,4112022,NHDFlowline,5.457600000000000,8/4/2010 0:00
71,1,778,1,91,1,778,49675,438434,S2010SD039004,8/4/2010,44.814704900000002,-96.6241074,US,United States,SD,South Dakota,SD039,Deuel,102A,Rolling Till Prairie,SD039,"Deuel County, South Dakota",,,,,Hoffman Fen,Hoffman Fen,series,299126,15812760,10N06262,5448,49675,50401,27,horizon,S10SD039004-6,,,84,127,Oe1,Oe1,,O,,1,,,0,,6503,10N06262,15812760,HM,7997,228214,28873,2516,3673,2870,1426,480,43262,301,423,14,95,4112022,7/13/1999 0:00,Medium,1256523,Monighan Creek,4.774000000000000,07020003000479,With Digitized,0,StreamRiver,46003,0.052909469,TRUE,0,,,100.000000000000000,190860,PEM1/ABF,,Freshwater Emergent Wetland,10.511994008466544,416831,1001228,4112022,NHDFlowline,5.457600000000000,8/4/2010 0:00
72,1,779,1,92,1,779,49675,438434,S2010SD039004,8/4/2010,44.814704900000002,-96.6241074,US,United States,SD,South Dakota,SD039,Deuel,102A,Rolling Till Prairie,SD039,"Deuel County, South Dakota",,,,,Hoffman Fen,Hoffman Fen,series,299127,15812761,10N06263,5448,49675,50401,28,horizon,S10SD039004-7,,,127,203,Oe2,Oe2,,O,,2,,,0,,6504,10N06263,15812761,HM,6413,214674,63023,1960,3432,1847,1243,513,36897,306,346,9,95,4112022,7/13/1999 0:00,Medium,1256523,Monighan Creek,4.774000000000000,07020003000479,With Digitized,0,StreamRiver,46003,0.052909469,TRUE,0,,,100.000000000000000,190860,PEM1/ABF,,Freshwater Emergent Wetland,10.511994008466544,416831,1001228,4112022,NHDFlowline,5.457600000000000,8/4/2010 0:00
73,0,780,1,93,0,780,49674,438433,S2010SD039003,8/4/2010,44.791244499999998,-96.6262741,US,United States,SD,South Dakota,SD039,Deuel,102A,Rolling Till Prairie,SD039,"Deuel County, South Dakota",,,,,Jacobsen Fen,Jacobsen Fen,series,299114,15812748,10N06250,5448,49674,50400,15,horizon,S10SD039003-1,,,0,18,Oi1,Oi1,,O,,1,,,0,,6491,10N06250,15812748,HM,6484,228446,3584,2622,3721,2024,1209,794,33462,164,370,17,71,,,,,,,,,,,,,,,,,,,,,,,2712953,1001860,4112748,NHDFlowline,14.060700000000001,8/4/2010 0:00
74,0,781,1,94,0,781,49674,438433,S2010SD039003,8/4/2010,44.791244499999998,-96.6262741,US,United States,SD,South Dakota,SD039,Deuel,102A,Rolling Till Prairie,SD039,"Deuel County, South Dakota",,,,,Jacobsen Fen,Jacobsen Fen,series,299115,15812749,10N06251,5448,49674,50400,16,horizon,S10SD039003-2,,,18,53,Oi2,Oi2,,O,,2,,,0,,6492,10N06251,15812749,HM,6943,197859,4325,2296,3434,936,1137,871,39609,152,413,17,71,,,,,,,,,,,,,,,,,,,,,,,2712953,1001860,4112748,NHDFlowline,14.060700000000001,8/4/2010 0:00
75,0,782,1,95,0,782,49674,438433,S2010SD039003,8/4/2010,44.791244499999998,-96.6262741,US,United States,SD,South Dakota,SD039,Deuel,102A,Rolling Till Prairie,SD039,"Deuel County, South Dakota",,,,,Jacobsen Fen,Jacobsen Fen,series,299116,15812750,10N06252,5448,49674,50400,17,horizon,S10SD039003-3,,,53,89,Oe,Oe,,O,,,,,0,,6493,10N06252,15812750,HM,5926,211078,8278,1898,3306,983,1124,730,34341,150,330,15,71,,,,,,,,,,,,,,,,,,,,,,,2712953,1001860,4112748,NHDFlowline,14.060700000000001,8/4/2010 0:00
76,0,783,1,96,0,783,49674,438433,S2010SD039003,8/4/2010,44.791244499999998,-96.6262741,US,United States,SD,South Dakota,SD039,Deuel,102A,Rolling Till Prairie,SD039,"Deuel County, South Dakota",,,,,Jacobsen Fen,Jacobsen Fen,series,299117,15812751,10N06253,5448,49674,50400,18,horizon,S10SD039003-4,,,89,119,Oa1,Oa1,,O,,1,,,0,,6494,10N06253,15812751,HM,10946,215107,28821,3478,4702,3549,2747,572,62531,157,485,23,71,,,,,,,,,,,,,,,,,,,,,,,2712953,1001860,4112748,NHDFlowline,14.060700000000001,8/4/2010 0:00
77,0,784,1,97,0,784,49674,438433,S2010SD039003,8/4/2010,44.791244499999998,-96.6262741,US,United States,SD,South Dakota,SD039,Deuel,102A,Rolling Till Prairie,SD039,"Deuel County, South Dakota",,,,,Jacobsen Fen,Jacobsen Fen,series,299118,15812752,10N06254,5448,49674,50400,19,horizon,S10SD039003-5,,,119,152,2Oa2,2Oa2,2,O,,2,,,0,,6495,10N06254,15812752,HM,36992,67105,45542,11066,11730,1523,10201,703,201292,195,1298,65,71,,,,,,,,,,,,,,,,,,,,,,,2712953,1001860,4112748,NHDFlowline,14.060700000000001,8/4/2010 0:00
78,0,785,1,98,0,785,49674,438433,S2010SD039003,8/4/2010,44.791244499999998,-96.6262741,US,United States,SD,South Dakota,SD039,Deuel,102A,Rolling Till Prairie,SD039,"Deuel County, South Dakota",,,,,Jacobsen Fen,Jacobsen Fen,series,299119,15812753,10N06255,5448,49674,50400,20,horizon,S10SD039003-6,,,152,175,2Cg1,2Cg1,2,C,,1,,,0,,6496,10N06255,15812753,S,36226,85849,45116,10956,15218,2735,12028,509,213124,232,1095,51,71,,,,,,,,,,,,,,,,,,,,,,,2712953,1001860,4112748,NHDFlowline,14.060700000000001,8/4/2010 0:00
79,0,786,1,99,0,786,49674,438433,S2010SD039003,8/4/2010,44.791244499999998,-96.6262741,US,United States,SD,South Dakota,SD039,Deuel,102A,Rolling Till Prairie,SD039,"Deuel County, South Dakota",,,,,Jacobsen Fen,Jacobsen Fen,series,299120,15812754,10N06256,5448,49674,50400,21,horizon,S10SD039003-7,,,175,203,2Cg2,2Cg2,2,C,,2,,,0,,6497,10N06256,15812754,HM,37471,77044,45806,10598,18435,734,11956,333,202506,214,1103,42,71,,,,,,,,,,,,,,,,,,,,,,,2712953,1001860,4112748,NHDFlowline,14.060700000000001,8/4/2010 0:00
80,0,787,1,100,0,787,52636,565989,S09SD103-003,6/27/2009,43.981438900000001,-102.2184889,US,United States,SD,South Dakota,SD103,Pennington,64,Mixed Sandy and Silty Tableland and Badlands,,,,,R02F07,Nebraska National Forest,Orella,Orella,taxadjunct,316720,15830648,10N03313,5504,52636,53362,20,horizon,S09SD103003-5,,,46,66,Cr1,Cr1,,C,,1,,,0,,6219,10N03313,15830648,HM,62637,7661,22484,9075,8873,106,7752,29,278710,138,2850,117,31,,,,,,,,,,,,,,,,,,,,,,,2580946,735243,940140276,NHDFlowline,6.940800000000000,6/27/2009 0:00
81,0,788,1,101,0,788,52636,565989,S09SD103-003,6/27/2009,43.981438900000001,-102.2184889,US,United States,SD,South Dakota,SD103,Pennington,64,Mixed Sandy and Silty Tableland and Badlands,,,,,R02F07,Nebraska National Forest,Orella,Orella,taxadjunct,316721,15830649,10N03314,5504,52636,53362,21,horizon,S09SD103003-6,,,66,124,Cr2,Cr2,,C,,2,,,0,,6220,10N03314,15830649,HM,61816,7596,23615,8214,8437,106,7091,47,284953,137,3062,121,31,,,,,,,,,,,,,,,,,,,,,,,2580946,735243,940140276,NHDFlowline,6.940800000000000,6/27/2009 0:00
82,0,789,1,102,0,789,52636,565989,S09SD103-003,6/27/2009,43.981438900000001,-102.2184889,US,United States,SD,South Dakota,SD103,Pennington,64,Mixed Sandy and Silty Tableland and Badlands,,,,,R02F07,Nebraska National Forest,Orella,Orella,taxadjunct,316722,15830650,10N03315,5504,52636,53362,22,horizon,S09SD103003-7,,,124,200,Cr3,Cr3,,C,,3,,,0,,6221,10N03315,15830650,HM,69613,8054,26953,8501,8625,165,7781,100,311089,162,3475,152,31,,,,,,,,,,,,,,,,,,,,,,,2580946,735243,940140276,NHDFlowline,6.940800000000000,6/27/2009 0:00
83,0,790,1,103,0,790,52636,565989,S09SD103-003,6/27/2009,43.981438900000001,-102.2184889,US,United States,SD,South Dakota,SD103,Pennington,64,Mixed Sandy and Silty Tableland and Badlands,,,,,R02F07,Nebraska National Forest,Orella,Orella,taxadjunct,316723,15830651,10N03316,5504,52636,53362,23,horizon,S09SD103003-8,Indurated claystone,,46,200,Cr,Cr,,C,,,,,0,,6222,10N03316,15830651,HM,53831,7391,22063,7411,6901,180,7172,109,307762,130,2880,128,31,,,,,,,,,,,,,,,,,,,,,,,2580946,735243,940140276,NHDFlowline,6.940800000000000,6/27/2009 0:00
84,0,895,1,104,0,895,49672,438431,S2010SD039001,8/3/2010,44.692520100000003,-96.4729462,US,United States,SD,South Dakota,SD039,Deuel,102A,Rolling Till Prairie,SD039,"Deuel County, South Dakota",,,,,Lentz Fen,Lentz Fen,series,299100,15812734,10N06236,5448,49672,50398,1,horizon,S10SD039001-1,,,0,2,,,,,,,,,0,,6477,10N06236,15812734,GP,624,332682,1924,489,3708,7079,382,248,2540,581,55,7,95,,,,,,,,,,,,,,,,,,,,,,,2712953,1001357,4112372,NHDFlowline,5.254200000000000,8/3/2010 0:00
85,0,896,1,105,0,896,49672,438431,S2010SD039001,8/3/2010,44.692520100000003,-96.4729462,US,United States,SD,South Dakota,SD039,Deuel,102A,Rolling Till Prairie,SD039,"Deuel County, South Dakota",,,,,Lentz Fen,Lentz Fen,series,299101,15812735,10N06237,5448,49672,50398,2,horizon,S10SD039001-2,,,2,18,Oi1,Oi1,,O,,1,,,0,,6478,10N06237,15812735,HM,2928,266530,16347,1833,3990,13315,1017,409,19568,479,151,4,95,,,,,,,,,,,,,,,,,,,,,,,2712953,1001357,4112372,NHDFlowline,5.254200000000000,8/3/2010 0:00
86,0,897,1,106,0,897,49672,438431,S2010SD039001,8/3/2010,44.692520100000003,-96.4729462,US,United States,SD,South Dakota,SD039,Deuel,102A,Rolling Till Prairie,SD039,"Deuel County, South Dakota",,,,,Lentz Fen,Lentz Fen,series,299102,15812736,10N06238,5448,49672,50398,3,horizon,S10SD039001-3,,,18,53,Oi2,Oi2,,O,,2,,,0,,6479,10N06238,15812736,HM,11052,106425,44855,3443,4291,1999,2010,660,64984,238,619,23,95,,,,,,,,,,,,,,,,,,,,,,,2712953,1001357,4112372,NHDFlowline,5.254200000000000,8/3/2010 0:00
87,0,898,1,107,0,898,49672,438431,S2010SD039001,8/3/2010,44.692520100000003,-96.4729462,US,United States,SD,South Dakota,SD039,Deuel,102A,Rolling Till Prairie,SD039,"Deuel County, South Dakota",,,,,Lentz Fen,Lentz Fen,series,299103,15812737,10N06239,5448,49672,50398,4,horizon,S10SD039001-4,,,53,114,Oe,Oe,,O,,,,,0,,6480,10N06239,15812737,HM,32739,86287,25302,10738,7525,1722,8965,567,193793,248,1069,52,95,,,,,,,,,,,,,,,,,,,,,,,2712953,1001357,4112372,NHDFlowline,5.254200000000000,8/3/2010 0:00
88,0,899,1,108,0,899,49672,438431,S2010SD039001,8/3/2010,44.692520100000003,-96.4729462,US,United States,SD,South Dakota,SD039,Deuel,102A,Rolling Till Prairie,SD039,"Deuel County, South Dakota",,,,,Lentz Fen,Lentz Fen,series,299104,15812738,10N06240,5448,49672,50398,5,horizon,S10SD039001-5,,,114,142,2Cg1,2Cg1,2,C,,1,,,0,,6481,10N06240,15812738,HM,39310,50553,16455,12509,7637,841,12822,387,273217,234,913,45,95,,,,,,,,,,,,,,,,,,,,,,,2712953,1001357,4112372,NHDFlowline,5.254200000000000,8/3/2010 0:00
89,0,900,1,109,0,900,49672,438431,S2010SD039001,8/3/2010,44.692520100000003,-96.4729462,US,United States,SD,South Dakota,SD039,Deuel,102A,Rolling Till Prairie,SD039,"Deuel County, South Dakota",,,,,Lentz Fen,Lentz Fen,series,299105,15812739,10N06241,5448,49672,50398,6,horizon,S10SD039001-6,,,142,160,2Cg2,2Cg2,2,C,,2,,,0,,6482,10N06241,15812739,HM,46891,53112,21825,14947,15622,941,8508,694,239157,186,2620,105,95,,,,,,,,,,,,,,,,,,,,,,,2712953,1001357,4112372,NHDFlowline,5.254200000000000,8/3/2010 0:00
90,0,901,1,110,0,901,49672,438431,S2010SD039001,8/3/2010,44.692520100000003,-96.4729462,US,United States,SD,South Dakota,SD039,Deuel,102A,Rolling Till Prairie,SD039,"Deuel County, South Dakota",,,,,Lentz Fen,Lentz Fen,series,299106,15812740,10N06242,5448,49672,50398,7,horizon,S10SD039001-7,,,160,203,2Cg3,2Cg3,2,C,,3,,,0,,6483,10N06242,15812740,HM,41010,34966,14824,12364,8634,423,12501,520,277595,205,1616,80,95,,,,,,,,,,,,,,,,,,,,,,,2712953,1001357,4112372,NHDFlowline,5.254200000000000,8/3/2010 0:00
91,0,365,1,122,0,365,26181,978814,01NE033001A,6/1/2001,41.231000000000002,-102.9994167,US,United States,NE,Nebraska,NE033,Cheyenne,,,,,,,,,Rosebud,Rosebud,series,166118,166542,01P01090,3677,26181,26181,1,reporting layer,,,,0,5,,,,,,,,,,Loam,937,01P01090,166542,S,61535,17439,22678,22432,7912,440,11705,540,319932,,2973,137,82,,,,,,,,,,,,,,,,,,,,,,,1698706,817213,17449885,NHDFlowline,6.556500000000000,6/1/2001 0:00
92,0,366,1,123,0,366,26181,978814,01NE033001A,6/1/2001,41.231000000000002,-102.9994167,US,United States,NE,Nebraska,NE033,Cheyenne,,,,,,,,,Rosebud,Rosebud,series,166119,166543,01P01091,3677,26181,26181,2,reporting layer,,,,5,10,,,,,,,,,,Loam,938,01P01091,166543,S,63167,17874,23266,22882,8194,445,11138,623,320662,,2987,138,82,,,,,,,,,,,,,,,,,,,,,,,1698706,817213,17449885,NHDFlowline,6.556500000000000,6/1/2001 0:00
93,0,367,1,124,0,367,26181,978814,01NE033001A,6/1/2001,41.231000000000002,-102.9994167,US,United States,NE,Nebraska,NE033,Cheyenne,,,,,,,,,Rosebud,Rosebud,series,166120,166544,01P01092,3677,26181,26181,3,reporting layer,,,,10,20,,,,,,,,,,Loam,939,01P01092,166544,S,60941,27185,21717,21105,7936,432,11552,625,321535,,2891,141,82,,,,,,,,,,,,,,,,,,,,,,,1698706,817213,17449885,NHDFlowline,6.556500000000000,6/1/2001 0:00
94,0,368,1,125,0,368,26181,978814,01NE033001A,6/1/2001,41.231000000000002,-102.9994167,US,United States,NE,Nebraska,NE033,Cheyenne,,,,,,,,,Rosebud,Rosebud,series,166121,166545,01P01093,3677,26181,26181,4,reporting layer,,,,20,30,,,,,,,,,,Loam,940,01P01093,166545,S,57976,60302,20892,20631,9534,422,9497,773,293208,,2668,129,82,,,,,,,,,,,,,,,,,,,,,,,1698706,817213,17449885,NHDFlowline,6.556500000000000,6/1/2001 0:00
95,0,369,1,126,0,369,26181,978814,01NE033001A,6/1/2001,41.231000000000002,-102.9994167,US,United States,NE,Nebraska,NE033,Cheyenne,,,,,,,,,Rosebud,Rosebud,series,166122,166546,01P01094,3677,26181,26181,5,reporting layer,,,,30,40,,,,,,,,,,Loam,941,01P01094,166546,S,56520,55888,19531,21041,9043,408,10583,709,297695,,2488,109,82,,,,,,,,,,,,,,,,,,,,,,,1698706,817213,17449885,NHDFlowline,6.556500000000000,6/1/2001 0:00
96,0,370,1,127,0,370,26181,978814,01NE033001A,6/1/2001,41.231000000000002,-102.9994167,US,United States,NE,Nebraska,NE033,Cheyenne,,,,,,,,,Rosebud,Rosebud,series,166123,166547,01P01095,3677,26181,26181,6,reporting layer,,,,40,50,,,,,,,,,,Loam,942,01P01095,166547,S,56287,47656,19290,21504,8806,400,11138,647,307516,,2486,103,82,,,,,,,,,,,,,,,,,,,,,,,1698706,817213,17449885,NHDFlowline,6.556500000000000,6/1/2001 0:00
97,0,371,1,128,0,371,26181,978814,01NE033001A,6/1/2001,41.231000000000002,-102.9994167,US,United States,NE,Nebraska,NE033,Cheyenne,,,,,,,,,Rosebud,Rosebud,series,166124,166548,01P01096,3677,26181,26181,7,reporting layer,,,,50,60,,,,,,,,,,Loam,943,01P01096,166548,S,51875,72887,17509,20812,8685,364,10574,615,274144,,2267,103,82,,,,,,,,,,,,,,,,,,,,,,,1698706,817213,17449885,NHDFlowline,6.556500000000000,6/1/2001 0:00
98,0,372,1,129,0,372,26181,978814,01NE033001A,6/1/2001,41.231000000000002,-102.9994167,US,United States,NE,Nebraska,NE033,Cheyenne,,,,,,,,,Rosebud,Rosebud,series,166125,166549,01P01097,3677,26181,26181,8,reporting layer,,,,60,70,,,,,,,,,,Loam,944,01P01097,166549,S,31986,165490,11808,13199,8000,199,6056,573,204484,,1327,67,82,,,,,,,,,,,,,,,,,,,,,,,1698706,817213,17449885,NHDFlowline,6.556500000000000,6/1/2001 0:00
99,0,373,1,130,0,373,26181,978814,01NE033001A,6/1/2001,41.231000000000002,-102.9994167,US,United States,NE,Nebraska,NE033,Cheyenne,,,,,,,,,Rosebud,Rosebud,series,166126,166550,01P01098,3677,26181,26181,9,reporting layer,,,,70,80,,,,,,,,,,Loam,945,01P01098,166550,S,36727,138303,13459,15250,8717,232,7544,585,222558,,1529,73,82,,,,,,,,,,,,,,,,,,,,,,,1698706,817213,17449885,NHDFlowline,6.556500000000000,6/1/2001 0:00
100,0,374,1,131,0,374,26181,978814,01NE033001A,6/1/2001,41.231000000000002,-102.9994167,US,United States,NE,Nebraska,NE033,Cheyenne,,,,,,,,,Rosebud,Rosebud,series,166127,166551,01P01099,3677,26181,26181,10,reporting layer,,,,80,90,,,,,,,,,,Loam,946,01P01099,166551,S,34616,152828,12343,14393,7046,228,6848,610,213813,,1431,76,82,,,,,,,,,,,,,,,,,,,,,,,1698706,817213,17449885,NHDFlowline,6.556500000000000,6/1/2001 0:00
101,0,375,1,132,0,375,26181,978814,01NE033001A,6/1/2001,41.231000000000002,-102.9994167,US,United States,NE,Nebraska,NE033,Cheyenne,,,,,,,,,Rosebud,Rosebud,series,166128,166552,01P01100,3677,26181,26181,11,reporting layer,,,,90,100,,,,,,,,,,Loam,947,01P01100,166552,S,39095,135508,13125,15387,7134,232,7852,534,230900,,1413,70,82,,,,,,,,,,,,,,,,,,,,,,,1698706,817213,17449885,NHDFlowline,6.556500000000000,6/1/2001 0:00
102,0,376,1,133,0,376,26181,978814,01NE033001A,6/1/2001,41.231000000000002,-102.9994167,US,United States,NE,Nebraska,NE033,Cheyenne,,,,,,,,,Rosebud,Rosebud,series,166129,166553,01P01101,3677,26181,26181,12,reporting layer,,,,100,120,,,,,,,,,,Loam,948,01P01101,166553,S,46727,93904,16809,18744,8456,264,9713,513,257414,,1820,86,82,,,,,,,,,,,,,,,,,,,,,,,1698706,817213,17449885,NHDFlowline,6.556500000000000,6/1/2001 0:00
103,0,377,1,134,0,377,26181,978814,01NE033001A,6/1/2001,41.231000000000002,-102.9994167,US,United States,NE,Nebraska,NE033,Cheyenne,,,,,,,,,Rosebud,Rosebud,series,166130,166554,01P01102,3677,26181,26181,13,reporting layer,,,,120,140,,,,,,,,,,Loam,949,01P01102,166554,S,44256,94582,15696,17629,7547,235,9303,474,230450,,1874,98,82,,,,,,,,,,,,,,,,,,,,,,,1698706,817213,17449885,NHDFlowline,6.556500000000000,6/1/2001 0:00
104,0,378,1,135,0,378,26181,978814,01NE033001A,6/1/2001,41.231000000000002,-102.9994167,US,United States,NE,Nebraska,NE033,Cheyenne,,,,,,,,,Rosebud,Rosebud,series,166131,166555,01P01103,3677,26181,26181,14,reporting layer,,,,140,160,,,,,,,,,,Loam,950,01P01103,166555,S,44476,108240,15228,18318,7487,221,9503,517,218059,,1684,87,82,,,,,,,,,,,,,,,,,,,,,,,1698706,817213,17449885,NHDFlowline,6.556500000000000,6/1/2001 0:00
105,0,734,1,136,0,734,43131,890238,03NE109001,9/25/2003,40.695777900000003,-96.8554993,US,United States,NE,Nebraska,NE109,Lancaster,106,Nebraska and Kansas Loess-Drift Hills,NE109,"Lancaster County, Nebraska",,,,,Pawnee,Pawnee,series,256236,15769830,03N05017,5410,43131,43845,1,horizon,S03NE-109-001-1,PAWNEE,,0,5,A1,A1,,A,,1,,,0,Clay loam,1881,03N05017,15769830,HM,45618,5578,19024,13539,3499,421,6622,346,305789,,2862,150,71,,,,,,,,,,,,,,,,,,,,,,,2505137,828472,17405667,NHDFlowline,15.083100000000000,9/25/2003 0:00
106,0,735,1,137,0,735,43131,890238,03NE109001,9/25/2003,40.695777900000003,-96.8554993,US,United States,NE,Nebraska,NE109,Lancaster,106,Nebraska and Kansas Loess-Drift Hills,NE109,"Lancaster County, Nebraska",,,,,Pawnee,Pawnee,series,256237,15769831,03N05018,5410,43131,43845,2,horizon,S03NE-109-001-2,PAWNEE,,5,10,A2,A2,,A,,2,,,0,Clay loam,1882,03N05018,15769831,HM,47674,5691,19939,13800,3636,382,7009,330,326345,,2983,161,71,,,,,,,,,,,,,,,,,,,,,,,2505137,828472,17405667,NHDFlowline,15.083100000000000,9/25/2003 0:00
107,0,736,1,138,0,736,43131,890238,03NE109001,9/25/2003,40.695777900000003,-96.8554993,US,United States,NE,Nebraska,NE109,Lancaster,106,Nebraska and Kansas Loess-Drift Hills,NE109,"Lancaster County, Nebraska",,,,,Pawnee,Pawnee,series,256238,15769832,03N05019,5410,43131,43845,3,horizon,S03NE-109-001-3,PAWNEE,,10,20,A3,A3,,A,,3,,,0,Clay loam,1883,03N05019,15769832,HM,51326,5684,22683,13936,4020,357,6846,251,335379,,3030,162,71,,,,,,,,,,,,,,,,,,,,,,,2505137,828472,17405667,NHDFlowline,15.083100000000000,9/25/2003 0:00
108,0,737,1,139,0,737,43131,890238,03NE109001,9/25/2003,40.695777900000003,-96.8554993,US,United States,NE,Nebraska,NE109,Lancaster,106,Nebraska and Kansas Loess-Drift Hills,NE109,"Lancaster County, Nebraska",,,,,Pawnee,Pawnee,series,256239,15769833,03N05020,5410,43131,43845,4,horizon,S03NE-109-001-4,PAWNEE,,20,25,Bt1,Bt1,,B,,1,,,0,Clay,1884,03N05020,15769833,HM,56927,5771,27923,13174,4786,404,6432,183,328239,,3111,156,71,,,,,,,,,,,,,,,,,,,,,,,2505137,828472,17405667,NHDFlowline,15.083100000000000,9/25/2003 0:00
109,0,738,1,140,0,738,43131,890238,03NE109001,9/25/2003,40.695777900000003,-96.8554993,US,United States,NE,Nebraska,NE109,Lancaster,106,Nebraska and Kansas Loess-Drift Hills,NE109,"Lancaster County, Nebraska",,,,,Pawnee,Pawnee,series,256240,15769834,03N05021,5410,43131,43845,5,horizon,S03NE-109-001-5,PAWNEE,,25,43,Bt2,Bt2,,B,,2,,,0,Clay,1885,03N05021,15769834,HM,60015,5806,29639,12586,5451,338,5722,119,314285,,3121,147,71,,,,,,,,,,,,,,,,,,,,,,,2505137,828472,17405667,NHDFlowline,15.083100000000000,9/25/2003 0:00
110,0,739,1,141,0,739,43131,890238,03NE109001,9/25/2003,40.695777900000003,-96.8554993,US,United States,NE,Nebraska,NE109,Lancaster,106,Nebraska and Kansas Loess-Drift Hills,NE109,"Lancaster County, Nebraska",,,,,Pawnee,Pawnee,series,256241,15769835,03N05022,5410,43131,43845,8,horizon,S03NE-109-001-8,PAWNEE,,77,100,Bt/C,Bt/C,,B,,,,,0,Sandy clay,1886,03N05022,15769835,HM,53773,10321,43566,14118,5718,4534,6731,482,311150,,2900,129,71,,,,,,,,,,,,,,,,,,,,,,,2505137,828472,17405667,NHDFlowline,15.083100000000000,9/25/2003 0:00
111,0,740,1,142,0,740,43131,890238,03NE109001,9/25/2003,40.695777900000003,-96.8554993,US,United States,NE,Nebraska,NE109,Lancaster,106,Nebraska and Kansas Loess-Drift Hills,NE109,"Lancaster County, Nebraska",,,,,Pawnee,Pawnee,series,256242,15769836,03N05023,5410,43131,43845,6,horizon,S03NE-109-001-6,PAWNEE,,43,59,Bt3,Bt3,,B,,3,,,0,Clay,1887,03N05023,15769836,HM,65443,6560,30992,13589,6357,404,6167,125,325271,,3245,143,71,,,,,,,,,,,,,,,,,,,,,,,2505137,828472,17405667,NHDFlowline,15.083100000000000,9/25/2003 0:00
112,0,741,1,143,0,741,43131,890238,03NE109001,9/25/2003,40.695777900000003,-96.8554993,US,United States,NE,Nebraska,NE109,Lancaster,106,Nebraska and Kansas Loess-Drift Hills,NE109,"Lancaster County, Nebraska",,,,,Pawnee,Pawnee,series,256243,15769837,03N05024,5410,43131,43845,7,horizon,S03NE-109-001-7,PAWNEE,,59,77,Bt4,Bt4,,B,,4,,,0,Clay,1888,03N05024,15769837,HM,62506,7633,26583,15046,6425,508,7236,339,343286,,3368,155,71,,,,,,,,,,,,,,,,,,,,,,,2505137,828472,17405667,NHDFlowline,15.083100000000000,9/25/2003 0:00
113,0,742,1,144,0,742,43133,890239,03NE109003,9/25/2003,40.694557199999998,-96.8560257,US,United States,NE,Nebraska,NE109,Lancaster,106,Nebraska and Kansas Loess-Drift Hills,NE109,"Lancaster County, Nebraska",,,,,Steinauer,Steinauer,series,256248,15769842,03N05029,5410,43133,43847,13,horizon,S03NE-109-003-1,PAWNEE-CULTIVATED,,0,5,Ap1,Ap1,,A,,1,,,0,Clay loam,1893,03N05029,15769842,HM,48884,6945,20456,14964,3625,596,7513,436,353926,,2996,164,71,,,,,,,,,,,,,,,,,,,,,,,1691389,828472,17405667,NHDFlowline,15.083100000000000,9/25/2003 0:00
114,0,743,1,145,0,743,43133,890239,03NE109003,9/25/2003,40.694557199999998,-96.8560257,US,United States,NE,Nebraska,NE109,Lancaster,106,Nebraska and Kansas Loess-Drift Hills,NE109,"Lancaster County, Nebraska",,,,,Steinauer,Steinauer,series,256249,15769843,03N05031,5410,43133,43847,15,horizon,S03NE-109-003-3,PAWNEE-CULTIVATED,,10,20,Ap3,Ap3,,A,,3,,,0,Clay loam,1895,03N05031,15769843,HM,57455,6915,30492,14778,4808,903,6859,251,347953,,3203,156,71,,,,,,,,,,,,,,,,,,,,,,,1691389,828472,17405667,NHDFlowline,15.083100000000000,9/25/2003 0:00
115,0,744,1,146,0,744,43133,890239,03NE109003,9/25/2003,40.694557199999998,-96.8560257,US,United States,NE,Nebraska,NE109,Lancaster,106,Nebraska and Kansas Loess-Drift Hills,NE109,"Lancaster County, Nebraska",,,,,Steinauer,Steinauer,series,256250,15769844,03N05030,5410,43133,43847,14,horizon,S03NE-109-003-2,PAWNEE-CULTIVATED,,5,10,Ap2,Ap2,,A,,2,,,0,Clay loam,1894,03N05030,15769844,HM,51556,6006,22457,13076,3618,560,7230,307,339438,,2958,150,71,,,,,,,,,,,,,,,,,,,,,,,1691389,828472,17405667,NHDFlowline,15.083100000000000,9/25/2003 0:00
116,0,745,1,147,0,745,43133,890239,03NE109003,9/25/2003,40.694557199999998,-96.8560257,US,United States,NE,Nebraska,NE109,Lancaster,106,Nebraska and Kansas Loess-Drift Hills,NE109,"Lancaster County, Nebraska",,,,,Steinauer,Steinauer,series,256251,15769845,03N05032,5410,43133,43847,16,horizon,S03NE-109-003-4,PAWNEE-CULTIVATED,,20,36,Bt1,Bt1,,B,,1,,,0,Clay loam,1896,03N05032,15769845,HM,59316,7166,36051,14847,5137,1049,6909,247,350839,,3244,154,71,,,,,,,,,,,,,,,,,,,,,,,1691389,828472,17405667,NHDFlowline,15.083100000000000,9/25/2003 0:00
117,0,746,1,148,0,746,43134,159665,S2003NE109004,9/25/2003,40.686862900000001,-96.8502502,US,United States,NE,Nebraska,NE109,Lancaster,106,Nebraska and Kansas Loess-Drift Hills,NE109,"Lancaster County, Nebraska",,,,,Steiner,Steiner,series,256252,15769846,03N05033,5410,43134,43848,17,horizon,S03NE-109-004-1,STEINAUER,,0,5,A1,A1,,A,,1,,,0,Silty clay loam,1897,03N05033,15769846,HM,46888,10568,19386,15809,3925,633,7911,601,341583,,2936,154,71,,,,,,,,,,,,,,,,,,,,,,,1691390,828473,17405685,NHDFlowline,4.170600000000000,9/25/2003 0:00
118,0,747,1,149,0,747,43134,159665,S2003NE109004,9/25/2003,40.686862900000001,-96.8502502,US,United States,NE,Nebraska,NE109,Lancaster,106,Nebraska and Kansas Loess-Drift Hills,NE109,"Lancaster County, Nebraska",,,,,Steiner,Steiner,series,256253,15769847,03N05034,5410,43134,43848,18,horizon,S03NE-109-004-2,STEINAUER,,5,10,A2,A2,,A,,2,,,0,Silty clay loam,1898,03N05034,15769847,HM,48752,15941,19777,16058,4142,598,8416,597,353742,,2859,147,71,,,,,,,,,,,,,,,,,,,,,,,1691390,828473,17405685,NHDFlowline,4.170600000000000,9/25/2003 0:00
119,0,748,1,150,0,748,43134,159665,S2003NE109004,9/25/2003,40.686862900000001,-96.8502502,US,United States,NE,Nebraska,NE109,Lancaster,106,Nebraska and Kansas Loess-Drift Hills,NE109,"Lancaster County, Nebraska",,,,,Steiner,Steiner,series,256254,15769848,03N05035,5410,43134,43848,19,horizon,S03NE-109-004-3,STEINAUER,,10,20,A/Bt,A/Bt,,A,,,,,0,Silty clay loam,1899,03N05035,15769848,HM,48717,36790,20643,15450,4645,618,8060,553,338562,,2743,140,71,,,,,,,,,,,,,,,,,,,,,,,1691390,828473,17405685,NHDFlowline,4.170600000000000,9/25/2003 0:00
120,0,749,1,151,0,749,43134,159665,S2003NE109004,9/25/2003,40.686862900000001,-96.8502502,US,United States,NE,Nebraska,NE109,Lancaster,106,Nebraska and Kansas Loess-Drift Hills,NE109,"Lancaster County, Nebraska",,,,,Steiner,Steiner,series,256255,15769849,03N05036,5410,43134,43848,20,horizon,S03NE-109-004-4,STEINAUER,,20,51,Bt1,Bt1,,B,,1,,,0,Clay,1900,03N05036,15769849,HM,46443,54054,20713,14238,5451,538,6750,549,292273,,2566,117,71,,,,,,,,,,,,,,,,,,,,,,,1691390,828473,17405685,NHDFlowline,4.170600000000000,9/25/2003 0:00
121,0,750,1,152,0,750,43134,159665,S2003NE109004,9/25/2003,40.686862900000001,-96.8502502,US,United States,NE,Nebraska,NE109,Lancaster,106,Nebraska and Kansas Loess-Drift Hills,NE109,"Lancaster County, Nebraska",,,,,Steiner,Steiner,series,256256,15769850,03N05037,5410,43134,43848,21,horizon,S03NE-109-004-5,STEINAUER,,51,76,C,C,,C,,,,,0,Sandy clay,1901,03N05037,15769850,HM,46614,56013,22947,13361,7023,493,6068,499,271123,,2538,107,71,,,,,,,,,,,,,,,,,,,,,,,1691390,828473,17405685,NHDFlowline,4.170600000000000,9/25/2003 0:00
122,0,751,1,153,0,751,43137,159680,S2003NE109007,9/25/2003,40.867916100000002,-96.8070297,US,United States,NE,Nebraska,NE109,Lancaster,106,Nebraska and Kansas Loess-Drift Hills,NE109,"Lancaster County, Nebraska",,,,,Burchard,Burchard,series,256270,15769864,03N05051,5410,43137,43851,35,horizon,S03NE-109-007-1,BURCHARD SIL,,0,5,A1,A1,,A,,1,,,0,Silt loam,1915,03N05051,15769864,HM,43954,5984,16351,14555,3054,428,7460,470,336833,,2997,175,71,,,,,,,,,,,,,,,,,,,,,,,1691343,828370,17405565,NHDFlowline,9.481500000000000,9/25/2003 0:00
123,0,752,1,154,0,752,43137,159680,S2003NE109007,9/25/2003,40.867916100000002,-96.8070297,US,United States,NE,Nebraska,NE109,Lancaster,106,Nebraska and Kansas Loess-Drift Hills,NE109,"Lancaster County, Nebraska",,,,,Burchard,Burchard,series,256271,15769865,03N05052,5410,43137,43851,36,horizon,S03NE-109-007-2,BURCHARD SIL,,5,10,A2,A2,,A,,2,,,0,Silt loam,1916,03N05052,15769865,HM,45785,4581,17399,14648,2998,381,7480,344,345150,,3017,169,71,,,,,,,,,,,,,,,,,,,,,,,1691343,828370,17405565,NHDFlowline,9.481500000000000,9/25/2003 0:00
124,0,753,1,155,0,753,43137,159680,S2003NE109007,9/25/2003,40.867916100000002,-96.8070297,US,United States,NE,Nebraska,NE109,Lancaster,106,Nebraska and Kansas Loess-Drift Hills,NE109,"Lancaster County, Nebraska",,,,,Burchard,Burchard,series,256272,15769866,03N05053,5410,43137,43851,37,horizon,S03NE-109-007-3,BURCHARD SIL,,10,20,A3,A3,,A,,3,,,0,Silt loam,1917,03N05053,15769866,HM,48413,4353,19668,14699,3192,338,7310,343,347848,,3020,172,71,,,,,,,,,,,,,,,,,,,,,,,1691343,828370,17405565,NHDFlowline,9.481500000000000,9/25/2003 0:00
125,1,854,1,160,0,854,43135,890247,03NE109005,9/25/2003,40.684890699999997,-96.8510818,US,United States,NE,Nebraska,NE109,Lancaster,106,Nebraska and Kansas Loess-Drift Hills,NE109,"Lancaster County, Nebraska",,,,,Judson,Judson,series,256257,15769851,03N05038,5410,43135,43849,22,horizon,S03NE-109-005-1,JUDSON,,0,5,A1,A1,,A,,1,,,0,Silt loam,1902,03N05038,15769851,HM,46682,6717,17373,17083,3721,660,7869,567,314464,,3174,155,71,,9/17/1999 0:00,3,833676,Spring Creek,3.258000000000000,1.02002E+13,1,,460,46003,,,,17405685,0,100.000000000000000,1386345,,,,,1691360,828473,17405685,NHDFlowline,4.170600000000000,9/25/2003 0:00
126,1,855,1,161,0,855,43135,890247,03NE109005,9/25/2003,40.684890699999997,-96.8510818,US,United States,NE,Nebraska,NE109,Lancaster,106,Nebraska and Kansas Loess-Drift Hills,NE109,"Lancaster County, Nebraska",,,,,Judson,Judson,series,256258,15769852,03N05039,5410,43135,43849,23,horizon,S03NE-109-005-2,JUDSON,,5,10,A2,A2,,A,,2,,,0,Silt loam,1903,03N05039,15769852,HM,49403,6559,18986,17655,3893,675,8215,487,327113,,3355,161,71,,9/17/1999 0:00,3,833676,Spring Creek,3.258000000000000,1.02002E+13,1,,460,46003,,,,17405685,0,100.000000000000000,1386345,,,,,1691360,828473,17405685,NHDFlowline,4.170600000000000,9/25/2003 0:00
127,1,856,1,162,0,856,43135,890247,03NE109005,9/25/2003,40.684890699999997,-96.8510818,US,United States,NE,Nebraska,NE109,Lancaster,106,Nebraska and Kansas Loess-Drift Hills,NE109,"Lancaster County, Nebraska",,,,,Judson,Judson,series,256259,15769853,03N05040,5410,43135,43849,24,horizon,S03NE-109-005-3,JUDSON,,10,20,A3,A3,,A,,3,,,0,Silt loam,1904,03N05040,15769853,HM,52386,6461,20415,18252,4181,661,8340,440,329963,,3396,154,71,,9/17/1999 0:00,3,833676,Spring Creek,3.258000000000000,1.02002E+13,1,,460,46003,,,,17405685,0,100.000000000000000,1386345,,,,,1691360,828473,17405685,NHDFlowline,4.170600000000000,9/25/2003 0:00
128,1,857,1,163,0,857,43135,890247,03NE109005,9/25/2003,40.684890699999997,-96.8510818,US,United States,NE,Nebraska,NE109,Lancaster,106,Nebraska and Kansas Loess-Drift Hills,NE109,"Lancaster County, Nebraska",,,,,Judson,Judson,series,256260,15769854,03N05041,5410,43135,43849,25,horizon,S03NE-109-005-4,JUDSON,,20,30,A4,A4,,A,,4,,,0,Silt loam,1905,03N05041,15769854,HM,53365,6237,22434,17955,4409,725,7949,392,325753,,3400,153,71,,9/17/1999 0:00,3,833676,Spring Creek,3.258000000000000,1.02002E+13,1,,460,46003,,,,17405685,0,100.000000000000000,1386345,,,,,1691360,828473,17405685,NHDFlowline,4.170600000000000,9/25/2003 0:00
129,1,858,1,164,0,858,43135,890247,03NE109005,9/25/2003,40.684890699999997,-96.8510818,US,United States,NE,Nebraska,NE109,Lancaster,106,Nebraska and Kansas Loess-Drift Hills,NE109,"Lancaster County, Nebraska",,,,,Judson,Judson,series,256261,15769855,03N05042,5410,43135,43849,26,horizon,S03NE-109-005-5,JUDSON,,30,46,Bw1,Bw1,,B,,1,,,0,Clay loam,1906,03N05042,15769855,HM,61027,6365,28823,18072,5997,860,6828,380,316262,,3376,139,71,,9/17/1999 0:00,3,833676,Spring Creek,3.258000000000000,1.02002E+13,1,,460,46003,,,,17405685,0,100.000000000000000,1386345,,,,,1691360,828473,17405685,NHDFlowline,4.170600000000000,9/25/2003 0:00
130,1,859,1,165,0,859,43135,890247,03NE109005,9/25/2003,40.684890699999997,-96.8510818,US,United States,NE,Nebraska,NE109,Lancaster,106,Nebraska and Kansas Loess-Drift Hills,NE109,"Lancaster County, Nebraska",,,,,Judson,Judson,series,256262,15769856,03N05043,5410,43135,43849,27,horizon,S03NE-109-005-6,JUDSON,,46,61,Bw2,Bw2,,B,,2,,,0,Clay loam,1907,03N05043,15769856,HM,59985,6426,26934,18783,5433,738,7576,355,329186,,3508,154,71,,9/17/1999 0:00,3,833676,Spring Creek,3.258000000000000,1.02002E+13,1,,460,46003,,,,17405685,0,100.000000000000000,1386345,,,,,1691360,828473,17405685,NHDFlowline,4.170600000000000,9/25/2003 0:00
131,1,860,1,166,0,860,43135,890247,03NE109005,9/25/2003,40.684890699999997,-96.8510818,US,United States,NE,Nebraska,NE109,Lancaster,106,Nebraska and Kansas Loess-Drift Hills,NE109,"Lancaster County, Nebraska",,,,,Judson,Judson,series,256263,15769857,03N05044,5410,43135,43849,28,horizon,S03NE-109-005-7,JUDSON,,61,100,B/C,B/C,,B/C,,,,,0,Clay loam,1908,03N05044,15769857,HM,61889,7230,29669,19422,6190,880,7974,457,338633,,3651,159,71,,9/17/1999 0:00,3,833676,Spring Creek,3.258000000000000,1.02002E+13,1,,460,46003,,,,17405685,0,100.000000000000000,1386345,,,,,1691360,828473,17405685,NHDFlowline,4.170600000000000,9/25/2003 0:00
132,1,861,1,167,0,861,43135,890247,03NE109005,9/25/2003,40.684890699999997,-96.8510818,US,United States,NE,Nebraska,NE109,Lancaster,106,Nebraska and Kansas Loess-Drift Hills,NE109,"Lancaster County, Nebraska",,,,,Judson,Judson,series,256264,15769858,03N05045,5410,43135,43849,29,horizon,S03NE-109-005-8,JUDSON,,100,114,C/B,C/B,,C/B,,,,,0,Sandy clay,1909,03N05045,15769858,HM,59684,7837,26180,18395,6019,841,8515,509,338340,,3421,164,71,,9/17/1999 0:00,3,833676,Spring Creek,3.258000000000000,1.02002E+13,1,,460,46003,,,,17405685,0,100.000000000000000,1386345,,,,,1691360,828473,17405685,NHDFlowline,4.170600000000000,9/25/2003 0:00
133,0,862,1,168,0,862,43136,890240,03NE109006,9/25/2003,40.869056700000002,-96.8066635,US,United States,NE,Nebraska,NE109,Lancaster,106,Nebraska and Kansas Loess-Drift Hills,NE109,"Lancaster County, Nebraska",,,,,Pawnee,Pawnee,series,256265,15769859,03N05046,5410,43136,43850,30,horizon,S03NE-109-006-1,PAWNEE-9,,0,5,A1,A1,,A,,1,,,0,Silt loam,1910,03N05046,15769859,HM,48183,5688,19184,15754,3911,485,7342,398,332205,,3274,160,71,,,,,,,,,,,,,,,,,,,,,,,2505137,828370,17405565,NHDFlowline,9.481500000000000,9/25/2003 0:00
134,0,863,1,169,0,863,43136,890240,03NE109006,9/25/2003,40.869056700000002,-96.8066635,US,United States,NE,Nebraska,NE109,Lancaster,106,Nebraska and Kansas Loess-Drift Hills,NE109,"Lancaster County, Nebraska",,,,,Pawnee,Pawnee,series,256266,15769860,03N05047,5410,43136,43850,31,horizon,S03NE-109-006-2,PAWNEE-9,,5,10,A2,A2,,A,,2,,,0,Silt loam,1911,03N05047,15769860,HM,51895,5019,21415,15815,4068,398,7390,285,339090,,3407,162,71,,,,,,,,,,,,,,,,,,,,,,,2505137,828370,17405565,NHDFlowline,9.481500000000000,9/25/2003 0:00
135,0,864,1,170,0,864,43136,890240,03NE109006,9/25/2003,40.869056700000002,-96.8066635,US,United States,NE,Nebraska,NE109,Lancaster,106,Nebraska and Kansas Loess-Drift Hills,NE109,"Lancaster County, Nebraska",,,,,Pawnee,Pawnee,series,256267,15769861,03N05048,5410,43136,43850,32,horizon,S03NE-109-006-3,PAWNEE-9,,10,20,A3,A3,,A,,3,,,0,Silt loam,1912,03N05048,15769861,HM,54707,4716,23616,14368,4370,333,6542,223,331857,,3228,150,71,,,,,,,,,,,,,,,,,,,,,,,2505137,828370,17405565,NHDFlowline,9.481500000000000,9/25/2003 0:00
136,0,865,1,171,0,865,43136,890240,03NE109006,9/25/2003,40.869056700000002,-96.8066635,US,United States,NE,Nebraska,NE109,Lancaster,106,Nebraska and Kansas Loess-Drift Hills,NE109,"Lancaster County, Nebraska",,,,,Pawnee,Pawnee,series,256268,15769862,03N05049,5410,43136,43850,33,horizon,S03NE-109-006-4,PAWNEE-9,,20,38,A/B,A/B,,A/B,,,,,0,Clay loam,1913,03N05049,15769862,HM,63675,5051,29355,14692,5376,335,6255,168,332954,,3514,160,71,,,,,,,,,,,,,,,,,,,,,,,2505137,828370,17405565,NHDFlowline,9.481500000000000,9/25/2003 0:00
137,0,866,1,172,0,866,43136,890240,03NE109006,9/25/2003,40.869056700000002,-96.8066635,US,United States,NE,Nebraska,NE109,Lancaster,106,Nebraska and Kansas Loess-Drift Hills,NE109,"Lancaster County, Nebraska",,,,,Pawnee,Pawnee,series,256269,15769863,03N05050,5410,43136,43850,34,horizon,S03NE-109-006-5,PAWNEE-9,,38,61,Bt,Bt,,B,,,,,0,Clay,1914,03N05050,15769863,HM,63033,5303,31748,13943,5634,550,5911,153,328982,,3276,136,71,,,,,,,,,,,,,,,,,,,,,,,2505137,828370,17405565,NHDFlowline,9.481500000000000,9/25/2003 0:00
138,0,939,1,173,0,939,30631,152506,S2003NE119001,9/29/2003,42.050899500000000,-97.5000076,US,United States,NE,Nebraska,NE119,Madison,,,NE119,"Madison County, Nebraska",,,,,Thurman,Thurman,series,179615,189269,04N02946,4382,30631,30747,1,horizon,S03NE-119-001-1,,,0,13,Ap,Ap,,A,,,,,0,Fine sand,2237,04N02946,189269,HM,33743,5521,5494,17729,1116,145,9065,227,424775,,1117,58,71,,,,,,,,,,,,,,,,,,,,,,,427389,841733,17287103,NHDFlowline,14.114699999999999,9/29/2003 0:00
139,0,940,1,174,0,940,30631,152506,S2003NE119001,9/29/2003,42.050899500000000,-97.5000076,US,United States,NE,Nebraska,NE119,Madison,,,NE119,"Madison County, Nebraska",,,,,Thurman,Thurman,series,179616,189270,04N02947,4382,30631,30747,2,horizon,S03NE-119-001-2,,,13,38,A,A,,A,,,,,0,Loamy fine sand,2238,04N02947,189270,HM,35741,5016,6818,18322,1295,118,9195,276,426504,,1295,83,71,,,,,,,,,,,,,,,,,,,,,,,427389,841733,17287103,NHDFlowline,14.114699999999999,9/29/2003 0:00
140,0,941,1,175,0,941,30631,152506,S2003NE119001,9/29/2003,42.050899500000000,-97.5000076,US,United States,NE,Nebraska,NE119,Madison,,,NE119,"Madison County, Nebraska",,,,,Thurman,Thurman,series,179617,189271,04N02948,4382,30631,30747,3,horizon,S03NE-119-001-3,,,51,80,2C,2C,2,C,,,,,0,Loam,2239,04N02948,189271,HM,53163,6509,17779,19921,4524,321,9341,357,392290,,2503,146,71,,,,,,,,,,,,,,,,,,,,,,,427389,841733,17287103,NHDFlowline,14.114699999999999,9/29/2003 0:00
141,0,452,1,246,0,452,32398,980893,S04ND-009-001,8/5/2004,48.836361099999998,-100.5714167,US,United States,ND,North Dakota,ND009,Bottineau,55A,Northern Black Glaciated Plains,ND009,"Bottineau County, North Dakota",,,,,Hokans-like,Hokans-like,taxadjunct,188063,198774,05N02071,4705,32398,32523,1,horizon,S04ND-009-001-1,,,0,15,Ap,Ap,,A,,,,,0,Loam,2989,05N02071,198774,HM,41672,21427,22111,14440,7136,672,9946,611,335147,164,1979,105,71,,,,,,,,,,,,,,,,,,,,,,,2586057,1532692,14169613,NHDFlowline,72.883799999999994,8/5/2004 0:00
142,0,453,1,247,0,453,32398,980893,S04ND-009-001,8/5/2004,48.836361099999998,-100.5714167,US,United States,ND,North Dakota,ND009,Bottineau,55A,Northern Black Glaciated Plains,ND009,"Bottineau County, North Dakota",,,,,Hokans-like,Hokans-like,taxadjunct,188064,198775,05N02072,4705,32398,32523,2,horizon,S04ND-009-001-2,,,15,30,Bw,Bw,,B,,,,,0,Loam,2990,05N02072,198775,HM,44246,27544,29466,14805,8693,741,9558,767,329949,166,1972,98,71,,,,,,,,,,,,,,,,,,,,,,,2586057,1532692,14169613,NHDFlowline,72.883799999999994,8/5/2004 0:00
143,0,454,1,248,0,454,32398,980893,S04ND-009-001,8/5/2004,48.836361099999998,-100.5714167,US,United States,ND,North Dakota,ND009,Bottineau,55A,Northern Black Glaciated Plains,ND009,"Bottineau County, North Dakota",,,,,Hokans-like,Hokans-like,taxadjunct,188065,198776,05N02073,4705,32398,32523,3,horizon,S04ND-009-001-3,,,30,65,Bk,Bk,,B,,,,,0,Loam,2991,05N02073,198776,HM,34196,113747,20802,11302,17462,523,7313,548,247426,320,1584,88,71,,,,,,,,,,,,,,,,,,,,,,,2586057,1532692,14169613,NHDFlowline,72.883799999999994,8/5/2004 0:00
144,0,455,1,249,0,455,32398,980893,S04ND-009-001,8/5/2004,48.836361099999998,-100.5714167,US,United States,ND,North Dakota,ND009,Bottineau,55A,Northern Black Glaciated Plains,ND009,"Bottineau County, North Dakota",,,,,Hokans-like,Hokans-like,taxadjunct,188067,198778,05N02075,4705,32398,32523,5,horizon,S04ND-009-001-5,,,92,150,2C,2C,2,C,,,,,0,Clay loam,2992,05N02075,198778,HM,41738,51620,27923,13699,14588,803,9597,745,298128,180,1790,94,71,,,,,,,,,,,,,,,,,,,,,,,2586057,1532692,14169613,NHDFlowline,72.883799999999994,8/5/2004 0:00
145,0,456,1,250,0,456,31906,176970,S2004ND077001,8/26/2003,46.239528700000001,-97.1248093,US,United States,ND,North Dakota,ND077,Richland,56,Red River Valley of the North,,,,,,,Delamere,Delamere,series,185833,196419,04N03478,4621,31906,32025,25,horizon,S03ND-077-001-1,,,0,17,Ap1,Ap1,,A,,1,,,0,Very fine sandy loam,2410,04N03478,196419,HM,42269,9334,14996,14670,3652,585,11652,463,371365,193,2376,144,82,,,,,,,,,,,,,,,,,,,,,,,2641113,1527867,6675576,NHDFlowline,1.719900000000000,8/26/2003 0:00
146,0,457,1,251,0,457,31906,176970,S2004ND077001,8/26/2003,46.239528700000001,-97.1248093,US,United States,ND,North Dakota,ND077,Richland,56,Red River Valley of the North,,,,,,,Delamere,Delamere,series,185835,196421,04N03480,4621,31906,32025,27,horizon,S03ND-077-001-3,,,34,54,Bw,Bw,,B,,,,,0,Very fine sandy loam,2411,04N03480,196421,HM,41609,10262,15521,14489,4024,527,11631,394,366379,196,2357,140,82,,,,,,,,,,,,,,,,,,,,,,,2641113,1527867,6675576,NHDFlowline,1.719900000000000,8/26/2003 0:00
147,0,458,1,252,0,458,31906,176970,S2004ND077001,8/26/2003,46.239528700000001,-97.1248093,US,United States,ND,North Dakota,ND077,Richland,56,Red River Valley of the North,,,,,,,Delamere,Delamere,series,185836,196422,04N03481,4621,31906,32025,28,horizon,S03ND-077-001-4,,,54,68,Bk1,Bk1,,B,,1,,,0,Silt loam,2412,04N03481,196422,HM,41590,35259,15829,13785,6774,647,11104,488,339454,250,2365,137,82,,,,,,,,,,,,,,,,,,,,,,,2641113,1527867,6675576,NHDFlowline,1.719900000000000,8/26/2003 0:00
148,0,459,1,253,0,459,31906,176970,S2004ND077001,8/26/2003,46.239528700000001,-97.1248093,US,United States,ND,North Dakota,ND077,Richland,56,Red River Valley of the North,,,,,,,Delamere,Delamere,series,185839,196425,04N03484,4621,31906,32025,31,horizon,S03ND-077-001-7,,,121,147,C1,C1,,C,,1,,,0,Silt loam,2413,04N03484,196425,HM,47000,51545,23727,15291,20027,726,9461,569,291753,230,3067,121,82,,,,,,,,,,,,,,,,,,,,,,,2641113,1527867,6675576,NHDFlowline,1.719900000000000,8/26/2003 0:00
149,1,510,1,254,0,510,32400,980895,S04ND-009-003,8/6/2004,48.800055600000000,-100.2335278,US,United States,ND,North Dakota,ND009,Bottineau,55A,Northern Black Glaciated Plains,ND009,"Bottineau County, North Dakota",,,,,Embden,Embden,series,188072,198783,05N02080,4705,32400,32525,10,horizon,S04ND-009-003-1,,,0,12,Ap,Ap,,A,,,,,0,Sandy loam,2996,05N02080,198783,HM,35567,9055,12582,11729,3212,743,10848,354,366713,157,1309,77,71,,11/2/1999 0:00,3, , ,2.461000000000000,09010004000181,0,,460,46003,,,,14156532,0,100.000000000000000,1113231,,,,,2585877,1533593,14156886,NHDFlowline,9.322200000000000,8/6/2004 0:00
150,1,511,1,255,0,511,32400,980895,S04ND-009-003,8/6/2004,48.800055600000000,-100.2335278,US,United States,ND,North Dakota,ND009,Bottineau,55A,Northern Black Glaciated Plains,ND009,"Bottineau County, North Dakota",,,,,Embden,Embden,series,188075,198786,05N02083,4705,32400,32525,13,horizon,S04ND-009-003-4,,,49,64,Bw2,Bw2,,B,,2,,,0,Sandy loam,2997,05N02083,198786,HM,36621,8078,11952,11973,3249,557,11325,270,384858,165,1261,73,71,,11/2/1999 0:00,3, , ,2.461000000000000,09010004000181,0,,460,46003,,,,14156532,0,100.000000000000000,1113231,,,,,2585877,1533593,14156886,NHDFlowline,9.322200000000000,8/6/2004 0:00
151,0,556,1,256,0,556,31907,176971,S2004ND077002,8/26/2003,46.022140499999999,-96.701416,US,United States,ND,North Dakota,ND077,Richland,56,Red River Valley of the North,,,,,,,Clearwater,Clearwater,series,185842,196428,04N03487,4621,31907,32026,34,horizon,S03ND-077-002-1,,,0,30,Ap,Ap,,A,,,,,0,Clay,2414,04N03487,196428,HM,44489,12453,23752,14689,7370,692,8301,604,329653,167,2876,131,82,,,,,,,,,,,,,,,,,,,,,,,2641180,1534152,6636000,NHDFlowline,15.116400000000001,8/26/2003 0:00
152,0,557,1,257,0,557,31907,176971,S2004ND077002,8/26/2003,46.022140499999999,-96.701416,US,United States,ND,North Dakota,ND077,Richland,56,Red River Valley of the North,,,,,,,Clearwater,Clearwater,series,185843,196429,04N03488,4621,31907,32026,35,horizon,S03ND-077-002-2,,,30,61,Bss,Bss,,B,,,,,0,Clay,2415,04N03488,196429,HM,54589,10967,27318,16989,8440,999,9144,312,318388,184,3219,139,82,,,,,,,,,,,,,,,,,,,,,,,2641180,1534152,6636000,NHDFlowline,15.116400000000001,8/26/2003 0:00
153,0,558,1,258,0,558,31907,176971,S2004ND077002,8/26/2003,46.022140499999999,-96.701416,US,United States,ND,North Dakota,ND077,Richland,56,Red River Valley of the North,,,,,,,Clearwater,Clearwater,series,185845,196431,04N03489,4621,31907,32026,36,horizon,S03ND-077-002-3,,,61,84,Bk1,Bk1,,B,,1,,,0,Clay,2416,04N03489,196431,HM,38755,122472,19641,11385,18970,608,6057,453,226963,258,2078,88,82,,,,,,,,,,,,,,,,,,,,,,,2641180,1534152,6636000,NHDFlowline,15.116400000000001,8/26/2003 0:00
154,0,559,1,259,0,559,31907,176971,S2004ND077002,8/26/2003,46.022140499999999,-96.701416,US,United States,ND,North Dakota,ND077,Richland,56,Red River Valley of the North,,,,,,,Clearwater,Clearwater,series,185848,196434,04N03493,4621,31907,32026,40,horizon,S03ND-077-002-7,,,173,250,2C2,2C2,2,C,,2,,,0,Clay loam,2417,04N03493,196434,HM,44276,54771,23051,14192,19260,1137,6848,495,284310,175,2481,103,82,,,,,,,,,,,,,,,,,,,,,,,2641180,1534152,6636000,NHDFlowline,15.116400000000001,8/26/2003 0:00
155,1,560,1,260,0,560,32399,980894,S04ND-009-002,8/6/2004,48.798555600000000,-100.2333611,US,United States,ND,North Dakota,ND009,Bottineau,55A,Northern Black Glaciated Plains,ND009,"Bottineau County, North Dakota",,,,,,,,188068,198779,05N02076,4705,32399,32524,6,horizon,S04ND-009-002-1,,,0,12,Ap,Ap,,A,,,,,0,Clay loam,2993,05N02076,198779,HM,53224,9934,26081,15459,7841,1021,8495,477,345522,145,2597,113,71,,11/2/1999 0:00,3, , ,2.461000000000000,09010004000181,0,,460,46003,,,,14156532,0,100.000000000000000,1113231,,,,,2585980,1533593,14156886,NHDFlowline,9.322200000000000,8/6/2004 0:00
156,1,561,1,261,0,561,32399,980894,S04ND-009-002,8/6/2004,48.798555600000000,-100.2333611,US,United States,ND,North Dakota,ND009,Bottineau,55A,Northern Black Glaciated Plains,ND009,"Bottineau County, North Dakota",,,,,,,,188069,198780,05N02077,4705,32399,32524,7,horizon,S04ND-009-002-2,,,12,34,Btn,Btn,,B,,,,,0,Clay loam,2994,05N02077,198780,HM,51266,23396,23604,14213,9844,542,8212,518,325159,144,2385,102,71,,11/2/1999 0:00,3, , ,2.461000000000000,09010004000181,0,,460,46003,,,,14156532,0,100.000000000000000,1113231,,,,,2585980,1533593,14156886,NHDFlowline,9.322200000000000,8/6/2004 0:00
157,1,562,1,262,0,562,32399,980894,S04ND-009-002,8/6/2004,48.798555600000000,-100.2333611,US,United States,ND,North Dakota,ND009,Bottineau,55A,Northern Black Glaciated Plains,ND009,"Bottineau County, North Dakota",,,,,,,,188070,198781,05N02078,4705,32399,32524,8,horizon,S04ND-009-002-3,,,34,50,Bk,Bk,,B,,,,,0,Sandy clay loam,2995,05N02078,198781,HM,32423,55270,11938,10044,14364,435,9793,324,328270,174,1175,78,71,,11/2/1999 0:00,3, , ,2.461000000000000,09010004000181,0,,460,46003,,,,14156532,0,100.000000000000000,1113231,,,,,2585980,1533593,14156886,NHDFlowline,9.322200000000000,8/6/2004 0:00
158,1,832,1,302,0,832,27156,140503,S2001MO109001,9/25/2001,37.075347899999997,-93.8822098,US,United States,MO,Missouri,MO109,Lawrence,,,,,,,,,Creldon,Creldon,series,168979,171001,02N03345,3815,27156,27181,1,horizon,S01MO-109-001-1,,,0,13,Ap,Ap,,A,,,,,0,Silt loam,1329,02N03345,171001,S,26496,5230,19148,9260,1364,1028,3032,1536,302048,,4413,188,81,,9/18/1999 0:00,3, , ,1.365000000000000,1.10702E+13,1,,460,46003,,,,7588517,0,100.000000000000000,1932802,,,,,2534319,1278814,7588517,NHDFlowline,1.193400000000000,9/25/2001 0:00
159,1,833,1,303,0,833,27156,140503,S2001MO109001,9/25/2001,37.075347899999997,-93.8822098,US,United States,MO,Missouri,MO109,Lawrence,,,,,,,,,Creldon,Creldon,series,168980,171002,02N03346,3815,27156,27181,2,horizon,S01MO-109-001-2,,,13,36,A,A,,A,,,,,0,Silt loam,1330,02N03346,171002,S,25752,644,20432,10239,1377,762,3073,454,326548,,4728,199,81,,9/18/1999 0:00,3, , ,1.365000000000000,1.10702E+13,1,,460,46003,,,,7588517,0,100.000000000000000,1932802,,,,,2534319,1278814,7588517,NHDFlowline,1.193400000000000,9/25/2001 0:00
160,1,834,1,304,0,834,27156,140503,S2001MO109001,9/25/2001,37.075347899999997,-93.8822098,US,United States,MO,Missouri,MO109,Lawrence,,,,,,,,,Creldon,Creldon,series,168981,171003,02N03347,3815,27156,27181,3,horizon,S01MO-109-001-3,,,36,61,Bt1,Bt1,,B,,1,,,0,Silty clay loam,1331,02N03347,171003,S,27627,0,26599,8066,1768,61,1224,244,320221,,4797,177,81,,9/18/1999 0:00,3, , ,1.365000000000000,1.10702E+13,1,,460,46003,,,,7588517,0,100.000000000000000,1932802,,,,,2534319,1278814,7588517,NHDFlowline,1.193400000000000,9/25/2001 0:00
161,1,835,1,305,0,835,27156,140503,S2001MO109001,9/25/2001,37.075347899999997,-93.8822098,US,United States,MO,Missouri,MO109,Lawrence,,,,,,,,,Creldon,Creldon,series,168982,171004,02N03348,3815,27156,27181,4,horizon,S01MO-109-001-4,,,61,84,2Btx1,2Btx1,2,B,,1,,,0,Extremely gravelly Silty clay loam,1332,02N03348,171004,S,26604,0,23996,7218,1263,93,1147,239,355002,,4597,170,81,,9/18/1999 0:00,3, , ,1.365000000000000,1.10702E+13,1,,460,46003,,,,7588517,0,100.000000000000000,1932802,,,,,2534319,1278814,7588517,NHDFlowline,1.193400000000000,9/25/2001 0:00
162,1,836,1,306,0,836,27156,140503,S2001MO109001,9/25/2001,37.075347899999997,-93.8822098,US,United States,MO,Missouri,MO109,Lawrence,,,,,,,,,Creldon,Creldon,series,168983,171005,02N03349,3815,27156,27181,5,horizon,S01MO-109-001-5,,,84,104,2Btx2,2Btx2,2,B,,2,,,0,Extremely gravelly Silty clay loam,1333,02N03349,171005,S,21721,0,20327,4433,376,36,472,182,330014,,3274,125,81,,9/18/1999 0:00,3, , ,1.365000000000000,1.10702E+13,1,,460,46003,,,,7588517,0,100.000000000000000,1932802,,,,,2534319,1278814,7588517,NHDFlowline,1.193400000000000,9/25/2001 0:00
163,1,837,1,307,0,837,27156,140503,S2001MO109001,9/25/2001,37.075347899999997,-93.8822098,US,United States,MO,Missouri,MO109,Lawrence,,,,,,,,,Creldon,Creldon,series,168984,171006,02N03350,3815,27156,27181,6,horizon,S01MO-109-001-6,,,104,188,3Bt1,3Bt1,3,B,,1,,,0,Very flaggy Clay,1334,02N03350,171006,S,50421,0,37203,4404,1093,22,220,221,286724,,3619,135,81,,9/18/1999 0:00,3, , ,1.365000000000000,1.10702E+13,1,,460,46003,,,,7588517,0,100.000000000000000,1932802,,,,,2534319,1278814,7588517,NHDFlowline,1.193400000000000,9/25/2001 0:00
164,1,838,1,308,0,838,27156,140503,S2001MO109001,9/25/2001,37.075347899999997,-93.8822098,US,United States,MO,Missouri,MO109,Lawrence,,,,,,,,,Creldon,Creldon,series,168985,171007,02N03351,3815,27156,27181,7,horizon,S01MO-109-001-7,,,188,229,3Bt2,3Bt2,3,B,,2,,,0,Extremely gravelly Clay,1335,02N03351,171007,S,92529,0,44785,3992,1922,64,223,203,242391,,3645,145,81,,9/18/1999 0:00,3, , ,1.365000000000000,1.10702E+13,1,,460,46003,,,,7588517,0,100.000000000000000,1932802,,,,,2534319,1278814,7588517,NHDFlowline,1.193400000000000,9/25/2001 0:00
165,0,334,1,343,0,334,26254,98651,S2000KS027003,12/5/2000,39.203487400000000,-97.2352219,US,United States,KS,Kansas,KS027,Clay,74,Central Kansas Sandstone Hills,KS027,"Clay County, Kansas",,,,,Crete,Crete,,166436,166860,01P01455,3686,26254,26254,1,reporting layer,,,,0,5,,,,,,,,,,,1001,01P01455,166860,S,42716,4181,19251,19556,3833,409,7828,944,334535,,3681,183,82,,,,,,,,,,,,,,,,,,,,,,,2668914,896033,18880154,NHDFlowline,1.218600000000000,12/5/2000 0:00
166,0,335,1,344,0,335,26254,98651,S2000KS027003,12/5/2000,39.203487400000000,-97.2352219,US,United States,KS,Kansas,KS027,Clay,74,Central Kansas Sandstone Hills,KS027,"Clay County, Kansas",,,,,Crete,Crete,,166437,166861,01P01456,3686,26254,26254,2,reporting layer,,,,5,10,,,,,,,,,,,1002,01P01456,166861,S,35081,3536,20800,20090,3176,400,8213,966,348103,,3939,207,82,,,,,,,,,,,,,,,,,,,,,,,2668914,896033,18880154,NHDFlowline,1.218600000000000,12/5/2000 0:00
167,0,336,1,345,0,336,26254,98651,S2000KS027003,12/5/2000,39.203487400000000,-97.2352219,US,United States,KS,Kansas,KS027,Clay,74,Central Kansas Sandstone Hills,KS027,"Clay County, Kansas",,,,,Crete,Crete,,166438,166862,01P01457,3686,26254,26254,3,reporting layer,,,,10,24,,,,,,,,,,,1003,01P01457,166862,S,33829,3191,19957,18998,3447,380,7770,899,332393,,3748,185,82,,,,,,,,,,,,,,,,,,,,,,,2668914,896033,18880154,NHDFlowline,1.218600000000000,12/5/2000 0:00
168,0,337,1,346,0,337,26254,98651,S2000KS027003,12/5/2000,39.203487400000000,-97.2352219,US,United States,KS,Kansas,KS027,Clay,74,Central Kansas Sandstone Hills,KS027,"Clay County, Kansas",,,,,Crete,Crete,,166439,166863,01P01458,3686,26254,26254,4,reporting layer,,,,24,57,,,,,,,,,,,1004,01P01458,166863,S,44478,3832,27094,18122,5807,396,6591,501,302461,,3530,156,82,,,,,,,,,,,,,,,,,,,,,,,2668914,896033,18880154,NHDFlowline,1.218600000000000,12/5/2000 0:00
169,0,338,1,347,0,338,26254,98651,S2000KS027003,12/5/2000,39.203487400000000,-97.2352219,US,United States,KS,Kansas,KS027,Clay,74,Central Kansas Sandstone Hills,KS027,"Clay County, Kansas",,,,,Crete,Crete,,166440,166864,01P01459,3686,26254,26254,5,reporting layer,,,,57,79,,,,,,,,,,,1005,01P01459,166864,S,50355,7947,27324,18861,7026,436,7819,598,316426,,3701,164,82,,,,,,,,,,,,,,,,,,,,,,,2668914,896033,18880154,NHDFlowline,1.218600000000000,12/5/2000 0:00
170,0,339,1,348,0,339,26254,98651,S2000KS027003,12/5/2000,39.203487400000000,-97.2352219,US,United States,KS,Kansas,KS027,Clay,74,Central Kansas Sandstone Hills,KS027,"Clay County, Kansas",,,,,Crete,Crete,,166441,166865,01P01460,3686,26254,26254,6,reporting layer,,,,79,95,,,,,,,,,,,1006,01P01460,166865,S,51754,23141,26906,18191,7051,494,8540,605,315133,,3582,160,82,,,,,,,,,,,,,,,,,,,,,,,2668914,896033,18880154,NHDFlowline,1.218600000000000,12/5/2000 0:00
171,0,340,1,349,0,340,26254,98651,S2000KS027003,12/5/2000,39.203487400000000,-97.2352219,US,United States,KS,Kansas,KS027,Clay,74,Central Kansas Sandstone Hills,KS027,"Clay County, Kansas",,,,,Crete,Crete,,166442,166866,01P01461,3686,26254,26254,7,reporting layer,,,,95,114,,,,,,,,,,,1007,01P01461,166866,S,49649,7614,25902,19408,7404,369,9143,607,322791,,3693,167,82,,,,,,,,,,,,,,,,,,,,,,,2668914,896033,18880154,NHDFlowline,1.218600000000000,12/5/2000 0:00
172,0,341,1,350,0,341,26254,98651,S2000KS027003,12/5/2000,39.203487400000000,-97.2352219,US,United States,KS,Kansas,KS027,Clay,74,Central Kansas Sandstone Hills,KS027,"Clay County, Kansas",,,,,Crete,Crete,,166443,166867,01P01462,3686,26254,26254,8,reporting layer,,,,114,132,,,,,,,,,,,1008,01P01462,166867,S,52756,7155,26575,19703,7663,372,9476,629,330736,,3805,175,82,,,,,,,,,,,,,,,,,,,,,,,2668914,896033,18880154,NHDFlowline,1.218600000000000,12/5/2000 0:00
173,0,342,1,351,0,342,26254,98651,S2000KS027003,12/5/2000,39.203487400000000,-97.2352219,US,United States,KS,Kansas,KS027,Clay,74,Central Kansas Sandstone Hills,KS027,"Clay County, Kansas",,,,,Crete,Crete,,166444,166868,01P01463,3686,26254,26254,9,reporting layer,,,,132,160,,,,,,,,,,,1009,01P01463,166868,S,46810,5074,26045,18979,6389,519,8536,567,304730,,3995,171,82,,,,,,,,,,,,,,,,,,,,,,,2668914,896033,18880154,NHDFlowline,1.218600000000000,12/5/2000 0:00
174,0,343,1,352,0,343,26254,98651,S2000KS027003,12/5/2000,39.203487400000000,-97.2352219,US,United States,KS,Kansas,KS027,Clay,74,Central Kansas Sandstone Hills,KS027,"Clay County, Kansas",,,,,Crete,Crete,,166445,166869,01P01464,3686,26254,26254,10,reporting layer,,,,160,208,,,,,,,,,,,1010,01P01464,166869,S,39573,2645,23848,17396,4693,362,6530,394,321153,,4364,170,82,,,,,,,,,,,,,,,,,,,,,,,2668914,896033,18880154,NHDFlowline,1.218600000000000,12/5/2000 0:00
175,0,344,1,353,0,344,26254,98651,S2000KS027003,12/5/2000,39.203487400000000,-97.2352219,US,United States,KS,Kansas,KS027,Clay,74,Central Kansas Sandstone Hills,KS027,"Clay County, Kansas",,,,,Crete,Crete,,166446,166870,01P01465,3686,26254,26254,11,horizon,,,,0,5,3A,3A,3,A,,,,,,,1011,01P01465,166870,S,36942,3418,19386,20155,3532,402,7906,1039,328594,,3709,188,82,,,,,,,,,,,,,,,,,,,,,,,2668914,896033,18880154,NHDFlowline,1.218600000000000,12/5/2000 0:00
176,0,345,1,354,0,345,26254,98651,S2000KS027003,12/5/2000,39.203487400000000,-97.2352219,US,United States,KS,Kansas,KS027,Clay,74,Central Kansas Sandstone Hills,KS027,"Clay County, Kansas",,,,,Crete,Crete,,166447,166871,01P01466,3686,26254,26254,12,horizon,,,,5,10,3A,3A,3,A,,,,,,,1012,01P01466,166871,S,34306,3262,19636,19530,3196,388,7929,1088,332449,,3752,200,82,,,,,,,,,,,,,,,,,,,,,,,2668914,896033,18880154,NHDFlowline,1.218600000000000,12/5/2000 0:00
177,0,346,1,355,0,346,26254,98651,S2000KS027003,12/5/2000,39.203487400000000,-97.2352219,US,United States,KS,Kansas,KS027,Clay,74,Central Kansas Sandstone Hills,KS027,"Clay County, Kansas",,,,,Crete,Crete,,166448,166872,01P01467,3686,26254,26254,13,horizon,,,,10,25,3A,3A,3,A,,,,,,,1013,01P01467,166872,S,31582,3170,20154,18991,2739,384,7968,1012,334947,,3776,207,82,,,,,,,,,,,,,,,,,,,,,,,2668914,896033,18880154,NHDFlowline,1.218600000000000,12/5/2000 0:00
178,0,347,1,356,0,347,26254,98651,S2000KS027003,12/5/2000,39.203487400000000,-97.2352219,US,United States,KS,Kansas,KS027,Clay,74,Central Kansas Sandstone Hills,KS027,"Clay County, Kansas",,,,,Crete,Crete,,166449,166873,01P01468,3686,26254,26254,14,horizon,,,,0,5,3B,3B,3,B,,,,,,,1014,01P01468,166873,S,29932,2388,18897,19118,3101,340,7576,1101,309822,,3606,180,82,,,,,,,,,,,,,,,,,,,,,,,2668914,896033,18880154,NHDFlowline,1.218600000000000,12/5/2000 0:00
179,0,348,1,357,0,348,26254,98651,S2000KS027003,12/5/2000,39.203487400000000,-97.2352219,US,United States,KS,Kansas,KS027,Clay,74,Central Kansas Sandstone Hills,KS027,"Clay County, Kansas",,,,,Crete,Crete,,166450,166874,01P01469,3686,26254,26254,15,horizon,,,,5,10,3B,3B,3,B,,,,,,,1015,01P01469,166874,S,30162,2470,18224,18196,3088,328,7293,942,303818,,3429,168,82,,,,,,,,,,,,,,,,,,,,,,,2668914,896033,18880154,NHDFlowline,1.218600000000000,12/5/2000 0:00
180,0,349,1,358,0,349,26254,98651,S2000KS027003,12/5/2000,39.203487400000000,-97.2352219,US,United States,KS,Kansas,KS027,Clay,74,Central Kansas Sandstone Hills,KS027,"Clay County, Kansas",,,,,Crete,Crete,,166451,166875,01P01470,3686,26254,26254,16,horizon,,,,10,25,3B,3B,3,B,,,,,,,1016,01P01470,166875,S,32094,2663,20748,19143,3422,365,7632,975,319940,,3674,181,82,,,,,,,,,,,,,,,,,,,,,,,2668914,896033,18880154,NHDFlowline,1.218600000000000,12/5/2000 0:00
181,0,379,1,367,0,379,26255,98652,S2000KS027004,12/6/2000,39.217121100000000,-97.2323837,US,United States,KS,Kansas,KS027,Clay,74,Central Kansas Sandstone Hills,KS027,"Clay County, Kansas",,,,,Crete,Crete,,166452,166876,01P01471,3686,26255,26255,1,reporting layer,,,,0,5,,,,,,,,,,,1017,01P01471,166876,S,29679,1968,20613,17334,3288,324,7100,546,313770,,3575,179,82,,,,,,,,,,,,,,,,,,,,,,,2668914,895798,18880086,NHDFlowline,2.340000000000000,12/6/2000 0:00
182,0,380,1,368,0,380,26255,98652,S2000KS027004,12/6/2000,39.217121100000000,-97.2323837,US,United States,KS,Kansas,KS027,Clay,74,Central Kansas Sandstone Hills,KS027,"Clay County, Kansas",,,,,Crete,Crete,,166453,166877,01P01472,3686,26255,26255,2,reporting layer,,,,5,10,,,,,,,,,,,1018,01P01472,166877,S,31315,2176,21793,17879,3567,355,7407,516,324512,,3738,186,82,,,,,,,,,,,,,,,,,,,,,,,2668914,895798,18880086,NHDFlowline,2.340000000000000,12/6/2000 0:00
183,0,381,1,369,0,381,26255,98652,S2000KS027004,12/6/2000,39.217121100000000,-97.2323837,US,United States,KS,Kansas,KS027,Clay,74,Central Kansas Sandstone Hills,KS027,"Clay County, Kansas",,,,,Crete,Crete,,166454,166878,01P01473,3686,26255,26255,3,reporting layer,,,,10,19,,,,,,,,,,,1019,01P01473,166878,S,32291,2137,21940,17415,3738,334,7201,399,318563,,3655,183,82,,,,,,,,,,,,,,,,,,,,,,,2668914,895798,18880086,NHDFlowline,2.340000000000000,12/6/2000 0:00
184,0,382,1,370,0,382,26255,98652,S2000KS027004,12/6/2000,39.217121100000000,-97.2323837,US,United States,KS,Kansas,KS027,Clay,74,Central Kansas Sandstone Hills,KS027,"Clay County, Kansas",,,,,Crete,Crete,,166455,166879,01P01474,3686,26255,26255,4,reporting layer,,,,19,25,,,,,,,,,,,1020,01P01474,166879,S,34264,2409,22557,17829,3914,354,7420,361,326430,,3758,183,82,,,,,,,,,,,,,,,,,,,,,,,2668914,895798,18880086,NHDFlowline,2.340000000000000,12/6/2000 0:00
185,0,383,1,371,0,383,26255,98652,S2000KS027004,12/6/2000,39.217121100000000,-97.2323837,US,United States,KS,Kansas,KS027,Clay,74,Central Kansas Sandstone Hills,KS027,"Clay County, Kansas",,,,,Crete,Crete,,166456,166880,01P01475,3686,26255,26255,5,reporting layer,,,,25,46,,,,,,,,,,,1021,01P01475,166880,S,36302,3118,26128,16995,4917,357,6650,407,300809,,3516,161,82,,,,,,,,,,,,,,,,,,,,,,,2668914,895798,18880086,NHDFlowline,2.340000000000000,12/6/2000 0:00
186,0,384,1,372,0,384,26255,98652,S2000KS027004,12/6/2000,39.217121100000000,-97.2323837,US,United States,KS,Kansas,KS027,Clay,74,Central Kansas Sandstone Hills,KS027,"Clay County, Kansas",,,,,Crete,Crete,,166457,166881,01P01476,3686,26255,26255,6,reporting layer,,,,46,63,,,,,,,,,,,1022,01P01476,166881,S,49459,4651,27167,19198,6814,400,7675,447,306430,,3629,158,82,,,,,,,,,,,,,,,,,,,,,,,2668914,895798,18880086,NHDFlowline,2.340000000000000,12/6/2000 0:00
187,0,385,1,373,0,385,26255,98652,S2000KS027004,12/6/2000,39.217121100000000,-97.2323837,US,United States,KS,Kansas,KS027,Clay,74,Central Kansas Sandstone Hills,KS027,"Clay County, Kansas",,,,,Crete,Crete,,166458,166882,01P01477,3686,26255,26255,7,reporting layer,,,,63,85,,,,,,,,,,,1023,01P01477,166882,S,44627,4214,26298,19270,6239,375,7764,407,321799,,3823,166,82,,,,,,,,,,,,,,,,,,,,,,,2668914,895798,18880086,NHDFlowline,2.340000000000000,12/6/2000 0:00
188,0,386,1,374,0,386,26255,98652,S2000KS027004,12/6/2000,39.217121100000000,-97.2323837,US,United States,KS,Kansas,KS027,Clay,74,Central Kansas Sandstone Hills,KS027,"Clay County, Kansas",,,,,Crete,Crete,,166459,166883,01P01478,3686,26255,26255,8,reporting layer,,,,85,107,,,,,,,,,,,1024,01P01478,166883,S,32765,2767,27763,16786,4066,333,6468,478,309229,,3759,166,82,,,,,,,,,,,,,,,,,,,,,,,2668914,895798,18880086,NHDFlowline,2.340000000000000,12/6/2000 0:00
189,0,387,1,375,0,387,26255,98652,S2000KS027004,12/6/2000,39.217121100000000,-97.2323837,US,United States,KS,Kansas,KS027,Clay,74,Central Kansas Sandstone Hills,KS027,"Clay County, Kansas",,,,,Crete,Crete,,166460,166884,01P01479,3686,26255,26255,9,reporting layer,,,,107,129,,,,,,,,,,,1025,01P01479,166884,S,36519,2302,27349,18481,4781,252,5988,409,330365,,4132,165,82,,,,,,,,,,,,,,,,,,,,,,,2668914,895798,18880086,NHDFlowline,2.340000000000000,12/6/2000 0:00
190,0,388,1,376,0,388,26255,98652,S2000KS027004,12/6/2000,39.217121100000000,-97.2323837,US,United States,KS,Kansas,KS027,Clay,74,Central Kansas Sandstone Hills,KS027,"Clay County, Kansas",,,,,Crete,Crete,,166461,166885,01P01480,3686,26255,26255,10,reporting layer,,,,129,200,,,,,,,,,,,1026,01P01480,166885,S,34324,2379,25022,16241,4663,223,4517,287,309648,,3715,155,82,,,,,,,,,,,,,,,,,,,,,,,2668914,895798,18880086,NHDFlowline,2.340000000000000,12/6/2000 0:00
191,0,389,1,377,0,389,26255,98652,S2000KS027004,12/6/2000,39.217121100000000,-97.2323837,US,United States,KS,Kansas,KS027,Clay,74,Central Kansas Sandstone Hills,KS027,"Clay County, Kansas",,,,,Crete,Crete,,166462,166886,01P01481,3686,26255,26255,11,horizon,,,,0,5,4A,4A,4,A,,,,,,,1027,01P01481,166886,S,28970,1920,20904,17713,3175,349,7412,561,325921,,3698,197,82,,,,,,,,,,,,,,,,,,,,,,,2668914,895798,18880086,NHDFlowline,2.340000000000000,12/6/2000 0:00
192,0,390,1,378,0,390,26255,98652,S2000KS027004,12/6/2000,39.217121100000000,-97.2323837,US,United States,KS,Kansas,KS027,Clay,74,Central Kansas Sandstone Hills,KS027,"Clay County, Kansas",,,,,Crete,Crete,,166463,166887,01P01482,3686,26255,26255,12,horizon,,,,5,10,4A,4A,4,A,,,,,,,1028,01P01482,166887,S,27241,1932,20877,17136,2630,344,7475,467,327550,,3723,201,82,,,,,,,,,,,,,,,,,,,,,,,2668914,895798,18880086,NHDFlowline,2.340000000000000,12/6/2000 0:00
193,0,391,1,379,0,391,26255,98652,S2000KS027004,12/6/2000,39.217121100000000,-97.2323837,US,United States,KS,Kansas,KS027,Clay,74,Central Kansas Sandstone Hills,KS027,"Clay County, Kansas",,,,,Crete,Crete,,166464,166888,01P01483,3686,26255,26255,13,horizon,,,,10,23,4A,4A,4,A,,,,,,,1029,01P01483,166888,S,31649,2392,22315,17743,3335,360,7642,478,332368,,3826,201,82,,,,,,,,,,,,,,,,,,,,,,,2668914,895798,18880086,NHDFlowline,2.340000000000000,12/6/2000 0:00
194,0,392,1,380,0,392,26255,98652,S2000KS027004,12/6/2000,39.217121100000000,-97.2323837,US,United States,KS,Kansas,KS027,Clay,74,Central Kansas Sandstone Hills,KS027,"Clay County, Kansas",,,,,Crete,Crete,,166465,166889,01P01484,3686,26255,26255,14,horizon,,,,0,5,4B,4B,4,B,,,,,,,1030,01P01484,166889,S,36044,2771,22646,18775,3854,386,7649,552,332824,,3819,203,82,,,,,,,,,,,,,,,,,,,,,,,2668914,895798,18880086,NHDFlowline,2.340000000000000,12/6/2000 0:00
195,0,393,1,381,0,393,26255,98652,S2000KS027004,12/6/2000,39.217121100000000,-97.2323837,US,United States,KS,Kansas,KS027,Clay,74,Central Kansas Sandstone Hills,KS027,"Clay County, Kansas",,,,,Crete,Crete,,166466,166890,01P01485,3686,26255,26255,15,horizon,,,,5,10,4B,4B,4,B,,,,,,,1031,01P01485,166890,S,29531,1970,20350,17044,3364,334,7068,524,312278,,3539,185,82,,,,,,,,,,,,,,,,,,,,,,,2668914,895798,18880086,NHDFlowline,2.340000000000000,12/6/2000 0:00
196,0,394,1,382,0,394,26255,98652,S2000KS027004,12/6/2000,39.217121100000000,-97.2323837,US,United States,KS,Kansas,KS027,Clay,74,Central Kansas Sandstone Hills,KS027,"Clay County, Kansas",,,,,Crete,Crete,,166467,166891,01P01486,3686,26255,26255,16,horizon,,,,10,25,4B,4B,4,B,,,,,,,1032,01P01486,166891,S,28368,1893,20255,16518,3119,317,6972,456,308749,,3500,183,82,,,,,,,,,,,,,,,,,,,,,,,2668914,895798,18880086,NHDFlowline,2.340000000000000,12/6/2000 0:00
197,0,908,1,397,0,908,26252,98649,S2000KS027001,12/5/2000,39.207885699999999,-97.231926,US,United States,KS,Kansas,KS027,Clay,74,Central Kansas Sandstone Hills,KS027,"Clay County, Kansas",,,,,Crete,Crete,,166405,166829,01P01424,3686,26252,26252,1,reporting layer,,,,0,5,,,,,,,,,,,970,01P01424,166829,S,46544,4584,21627,17692,5107,381,6533,697,255437,,3681,178,71,,,,,,,,,,,,,,,,,,,,,,,2668914,896033,18880154,NHDFlowline,1.218600000000000,12/5/2000 0:00
198,0,909,1,398,0,909,26252,98649,S2000KS027001,12/5/2000,39.207885699999999,-97.231926,US,United States,KS,Kansas,KS027,Clay,74,Central Kansas Sandstone Hills,KS027,"Clay County, Kansas",,,,,Crete,Crete,,166406,166830,01P01425,3686,26252,26252,2,reporting layer,,,,5,10,,,,,,,,,,,971,01P01425,166830,S,56144,4579,25574,19050,6143,474,6856,387,284166,,3940,190,71,,,,,,,,,,,,,,,,,,,,,,,2668914,896033,18880154,NHDFlowline,1.218600000000000,12/5/2000 0:00
199,0,910,1,399,0,910,26252,98649,S2000KS027001,12/5/2000,39.207885699999999,-97.231926,US,United States,KS,Kansas,KS027,Clay,74,Central Kansas Sandstone Hills,KS027,"Clay County, Kansas",,,,,Crete,Crete,,166407,166831,01P01426,3686,26252,26252,3,reporting layer,,,,10,18,,,,,,,,,,,972,01P01426,166831,S,53305,4566,24288,19023,5625,454,7249,407,295081,,3956,197,71,,,,,,,,,,,,,,,,,,,,,,,2668914,896033,18880154,NHDFlowline,1.218600000000000,12/5/2000 0:00
200,0,911,1,400,0,911,26252,98649,S2000KS027001,12/5/2000,39.207885699999999,-97.231926,US,United States,KS,Kansas,KS027,Clay,74,Central Kansas Sandstone Hills,KS027,"Clay County, Kansas",,,,,Crete,Crete,,166408,166832,01P01427,3686,26252,26252,4,reporting layer,,,,18,37,,,,,,,,,,,973,01P01427,166832,S,48081,4368,20904,18258,4784,373,7569,412,287122,,3756,190,71,,,,,,,,,,,,,,,,,,,,,,,2668914,896033,18880154,NHDFlowline,1.218600000000000,12/5/2000 0:00
201,0,912,1,401,0,912,26252,98649,S2000KS027001,12/5/2000,39.207885699999999,-97.231926,US,United States,KS,Kansas,KS027,Clay,74,Central Kansas Sandstone Hills,KS027,"Clay County, Kansas",,,,,Crete,Crete,,166409,166833,01P01428,3686,26252,26252,5,reporting layer,,,,37,56,,,,,,,,,,,974,01P01428,166833,S,52029,4216,24954,18155,5549,374,7040,440,292023,,3803,186,71,,,,,,,,,,,,,,,,,,,,,,,2668914,896033,18880154,NHDFlowline,1.218600000000000,12/5/2000 0:00
202,0,913,1,402,0,913,26252,98649,S2000KS027001,12/5/2000,39.207885699999999,-97.231926,US,United States,KS,Kansas,KS027,Clay,74,Central Kansas Sandstone Hills,KS027,"Clay County, Kansas",,,,,Crete,Crete,,166410,166834,01P01429,3686,26252,26252,6,reporting layer,,,,56,85,,,,,,,,,,,975,01P01429,166834,S,6686,537,3078,1858,809,52,679,40,25837,,380,17,71,,,,,,,,,,,,,,,,,,,,,,,2668914,896033,18880154,NHDFlowline,1.218600000000000,12/5/2000 0:00
203,0,914,1,403,0,914,26252,98649,S2000KS027001,12/5/2000,39.207885699999999,-97.231926,US,United States,KS,Kansas,KS027,Clay,74,Central Kansas Sandstone Hills,KS027,"Clay County, Kansas",,,,,Crete,Crete,,166411,166835,01P01430,3686,26252,26252,7,reporting layer,,,,85,119,,,,,,,,,,,976,01P01430,166835,S,55795,4902,28897,18591,7455,421,7090,418,296383,,4054,176,71,,,,,,,,,,,,,,,,,,,,,,,2668914,896033,18880154,NHDFlowline,1.218600000000000,12/5/2000 0:00
204,0,915,1,404,0,915,26252,98649,S2000KS027001,12/5/2000,39.207885699999999,-97.231926,US,United States,KS,Kansas,KS027,Clay,74,Central Kansas Sandstone Hills,KS027,"Clay County, Kansas",,,,,Crete,Crete,,166412,166836,01P01431,3686,26252,26252,8,reporting layer,,,,119,157,,,,,,,,,,,977,01P01431,166836,S,63505,5805,30637,20282,7949,479,6394,429,303754,,4498,177,71,,,,,,,,,,,,,,,,,,,,,,,2668914,896033,18880154,NHDFlowline,1.218600000000000,12/5/2000 0:00
205,0,916,1,405,0,916,26252,98649,S2000KS027001,12/5/2000,39.207885699999999,-97.231926,US,United States,KS,Kansas,KS027,Clay,74,Central Kansas Sandstone Hills,KS027,"Clay County, Kansas",,,,,Crete,Crete,,166413,166837,01P01432,3686,26252,26252,9,reporting layer,,,,157,180,,,,,,,,,,,978,01P01432,166837,S,51293,4238,28026,17541,8144,292,4721,362,258772,,3983,145,71,,,,,,,,,,,,,,,,,,,,,,,2668914,896033,18880154,NHDFlowline,1.218600000000000,12/5/2000 0:00
206,0,917,1,406,0,917,26252,98649,S2000KS027001,12/5/2000,39.207885699999999,-97.231926,US,United States,KS,Kansas,KS027,Clay,74,Central Kansas Sandstone Hills,KS027,"Clay County, Kansas",,,,,Crete,Crete,,166414,166838,01P01433,3686,26252,26252,10,reporting layer,,1A,,0,5,,,,,,,,1A,,,979,01P01433,166838,S,50625,4963,22821,18851,5550,407,6733,636,295255,,3786,182,71,,,,,,,,,,,,,,,,,,,,,,,2668914,896033,18880154,NHDFlowline,1.218600000000000,12/5/2000 0:00
207,0,918,1,407,0,918,26252,98649,S2000KS027001,12/5/2000,39.207885699999999,-97.231926,US,United States,KS,Kansas,KS027,Clay,74,Central Kansas Sandstone Hills,KS027,"Clay County, Kansas",,,,,Crete,Crete,,166415,166839,01P01434,3686,26252,26252,11,reporting layer,,1A,,5,10,,,,,,,,1A,,,980,01P01434,166839,S,45474,4083,26116,17623,4518,445,6544,517,294331,,4131,205,71,,,,,,,,,,,,,,,,,,,,,,,2668914,896033,18880154,NHDFlowline,1.218600000000000,12/5/2000 0:00
208,0,919,1,408,0,919,26252,98649,S2000KS027001,12/5/2000,39.207885699999999,-97.231926,US,United States,KS,Kansas,KS027,Clay,74,Central Kansas Sandstone Hills,KS027,"Clay County, Kansas",,,,,Crete,Crete,,166416,166840,01P01435,3686,26252,26252,12,reporting layer,,1A,,10,25,,,,,,,,1A,,,981,01P01435,166840,S,50853,4357,25220,19360,5465,438,7461,487,326319,,4098,203,71,,,,,,,,,,,,,,,,,,,,,,,2668914,896033,18880154,NHDFlowline,1.218600000000000,12/5/2000 0:00
209,0,920,1,409,0,920,26252,98649,S2000KS027001,12/5/2000,39.207885699999999,-97.231926,US,United States,KS,Kansas,KS027,Clay,74,Central Kansas Sandstone Hills,KS027,"Clay County, Kansas",,,,,Crete,Crete,,166417,166841,01P01436,3686,26252,26252,13,reporting layer,,1B,,0,5,,,,,,,,1B,,,982,01P01436,166841,S,46437,4395,22373,18909,5084,389,7042,712,310048,,3889,189,71,,,,,,,,,,,,,,,,,,,,,,,2668914,896033,18880154,NHDFlowline,1.218600000000000,12/5/2000 0:00
210,0,921,1,410,0,921,26252,98649,S2000KS027001,12/5/2000,39.207885699999999,-97.231926,US,United States,KS,Kansas,KS027,Clay,74,Central Kansas Sandstone Hills,KS027,"Clay County, Kansas",,,,,Crete,Crete,,166418,166842,01P01437,3686,26252,26252,14,reporting layer,,1B,,5,10,,,,,,,,1B,,,983,01P01437,166842,S,51397,3949,27065,19320,5915,433,6779,494,318777,,4171,192,71,,,,,,,,,,,,,,,,,,,,,,,2668914,896033,18880154,NHDFlowline,1.218600000000000,12/5/2000 0:00
211,0,922,1,411,0,922,26252,98649,S2000KS027001,12/5/2000,39.207885699999999,-97.231926,US,United States,KS,Kansas,KS027,Clay,74,Central Kansas Sandstone Hills,KS027,"Clay County, Kansas",,,,,Crete,Crete,,166419,166843,01P01438,3686,26252,26252,15,reporting layer,,1B,,10,25,,,,,,,,1B,,,984,01P01438,166843,S,50440,4108,26687,19790,5558,440,7287,417,328042,,4282,210,71,,,,,,,,,,,,,,,,,,,,,,,2668914,896033,18880154,NHDFlowline,1.218600000000000,12/5/2000 0:00
212,0,923,1,412,0,923,26253,98650,S2000KS027002,12/5/2000,39.208106999999998,-97.2371216,US,United States,KS,Kansas,KS027,Clay,74,Central Kansas Sandstone Hills,KS027,"Clay County, Kansas",,,,,Crete,Crete,,166420,166844,01P01439,3686,26253,26253,1,reporting layer,,,,0,5,,,,,,,,,,,985,01P01439,166844,S,41512,3855,18360,19676,3491,433,8675,439,339731,,3909,201,82,,,,,,,,,,,,,,,,,,,,,,,2668914,896033,18880154,NHDFlowline,1.218600000000000,12/5/2000 0:00
213,0,924,1,413,0,924,26253,98650,S2000KS027002,12/5/2000,39.208106999999998,-97.2371216,US,United States,KS,Kansas,KS027,Clay,74,Central Kansas Sandstone Hills,KS027,"Clay County, Kansas",,,,,Crete,Crete,,166421,166845,01P01440,3686,26253,26253,2,reporting layer,,,,5,10,,,,,,,,,,,986,01P01440,166845,S,43043,3863,19219,19819,3723,419,8762,414,346525,,3990,206,82,,,,,,,,,,,,,,,,,,,,,,,2668914,896033,18880154,NHDFlowline,1.218600000000000,12/5/2000 0:00
214,0,925,1,414,0,925,26253,98650,S2000KS027002,12/5/2000,39.208106999999998,-97.2371216,US,United States,KS,Kansas,KS027,Clay,74,Central Kansas Sandstone Hills,KS027,"Clay County, Kansas",,,,,Crete,Crete,,166422,166846,01P01441,3686,26253,26253,3,reporting layer,,,,10,20,,,,,,,,,,,987,01P01441,166846,S,42054,3601,19708,19631,3703,418,8834,428,349250,,4059,211,82,,,,,,,,,,,,,,,,,,,,,,,2668914,896033,18880154,NHDFlowline,1.218600000000000,12/5/2000 0:00
215,0,926,1,415,0,926,26253,98650,S2000KS027002,12/5/2000,39.208106999999998,-97.2371216,US,United States,KS,Kansas,KS027,Clay,74,Central Kansas Sandstone Hills,KS027,"Clay County, Kansas",,,,,Crete,Crete,,166423,166847,01P01442,3686,26253,26253,4,reporting layer,,,,20,43,,,,,,,,,,,988,01P01442,166847,S,61448,6571,30749,19404,7747,603,7774,493,329422,,3851,174,82,,,,,,,,,,,,,,,,,,,,,,,2668914,896033,18880154,NHDFlowline,1.218600000000000,12/5/2000 0:00
216,0,927,1,416,0,927,26253,98650,S2000KS027002,12/5/2000,39.208106999999998,-97.2371216,US,United States,KS,Kansas,KS027,Clay,74,Central Kansas Sandstone Hills,KS027,"Clay County, Kansas",,,,,Crete,Crete,,166424,166848,01P01443,3686,26253,26253,5,reporting layer,,,,43,62,,,,,,,,,,,989,01P01443,166848,S,64344,7137,30698,19863,8466,552,8155,478,331187,,3837,173,82,,,,,,,,,,,,,,,,,,,,,,,2668914,896033,18880154,NHDFlowline,1.218600000000000,12/5/2000 0:00
217,0,928,1,417,0,928,26253,98650,S2000KS027002,12/5/2000,39.208106999999998,-97.2371216,US,United States,KS,Kansas,KS027,Clay,74,Central Kansas Sandstone Hills,KS027,"Clay County, Kansas",,,,,Crete,Crete,,166425,166849,01P01444,3686,26253,26253,6,reporting layer,,,,62,75,,,,,,,,,,,990,01P01444,166849,S,64489,8799,29669,20196,8588,556,8439,532,329696,,3843,173,82,,,,,,,,,,,,,,,,,,,,,,,2668914,896033,18880154,NHDFlowline,1.218600000000000,12/5/2000 0:00
218,0,929,1,418,0,929,26253,98650,S2000KS027002,12/5/2000,39.208106999999998,-97.2371216,US,United States,KS,Kansas,KS027,Clay,74,Central Kansas Sandstone Hills,KS027,"Clay County, Kansas",,,,,Crete,Crete,,166426,166850,01P01445,3686,26253,26253,7,reporting layer,,,,75,93,,,,,,,,,,,991,01P01445,166850,S,55795,19415,26390,18619,7586,788,8595,558,281102,,3512,159,82,,,,,,,,,,,,,,,,,,,,,,,2668914,896033,18880154,NHDFlowline,1.218600000000000,12/5/2000 0:00
219,0,930,1,419,0,930,26253,98650,S2000KS027002,12/5/2000,39.208106999999998,-97.2371216,US,United States,KS,Kansas,KS027,Clay,74,Central Kansas Sandstone Hills,KS027,"Clay County, Kansas",,,,,Crete,Crete,,166427,166851,01P01446,3686,26253,26253,8,reporting layer,,,,93,117,,,,,,,,,,,992,01P01446,166851,S,50354,6772,26789,19266,6867,547,8467,646,308971,,3865,166,82,,,,,,,,,,,,,,,,,,,,,,,2668914,896033,18880154,NHDFlowline,1.218600000000000,12/5/2000 0:00
220,0,931,1,420,0,931,26253,98650,S2000KS027002,12/5/2000,39.208106999999998,-97.2371216,US,United States,KS,Kansas,KS027,Clay,74,Central Kansas Sandstone Hills,KS027,"Clay County, Kansas",,,,,Crete,Crete,,166428,166852,01P01447,3686,26253,26253,9,reporting layer,,,,117,135,,,,,,,,,,,993,01P01447,166852,S,50487,4996,27891,18911,6301,618,7353,562,323256,,3991,170,82,,,,,,,,,,,,,,,,,,,,,,,2668914,896033,18880154,NHDFlowline,1.218600000000000,12/5/2000 0:00
221,0,932,1,421,0,932,26253,98650,S2000KS027002,12/5/2000,39.208106999999998,-97.2371216,US,United States,KS,Kansas,KS027,Clay,74,Central Kansas Sandstone Hills,KS027,"Clay County, Kansas",,,,,Crete,Crete,,166429,166853,01P01448,3686,26253,26253,10,reporting layer,,,,135,260,,,,,,,,,,,994,01P01448,166853,S,40192,2808,26258,17653,4723,279,5926,405,323116,,4034,171,82,,,,,,,,,,,,,,,,,,,,,,,2668914,896033,18880154,NHDFlowline,1.218600000000000,12/5/2000 0:00
222,0,933,1,422,0,933,26253,98650,S2000KS027002,12/5/2000,39.208106999999998,-97.2371216,US,United States,KS,Kansas,KS027,Clay,74,Central Kansas Sandstone Hills,KS027,"Clay County, Kansas",,,,,Crete,Crete,,166430,166854,01P01449,3686,26253,26253,11,horizon,,,,0,5,2A,2A,2,A,,,,,,,995,01P01449,166854,S,32539,2623,18189,19209,3019,390,8311,533,318963,,3835,198,82,,,,,,,,,,,,,,,,,,,,,,,2668914,896033,18880154,NHDFlowline,1.218600000000000,12/5/2000 0:00
223,0,934,1,423,0,934,26253,98650,S2000KS027002,12/5/2000,39.208106999999998,-97.2371216,US,United States,KS,Kansas,KS027,Clay,74,Central Kansas Sandstone Hills,KS027,"Clay County, Kansas",,,,,Crete,Crete,,166431,166855,01P01450,3686,26253,26253,12,horizon,,,,5,10,2A,2A,2,A,,,,,,,996,01P01450,166855,S,30091,2322,18131,18370,2622,376,8156,361,337260,,3775,197,82,,,,,,,,,,,,,,,,,,,,,,,2668914,896033,18880154,NHDFlowline,1.218600000000000,12/5/2000 0:00
224,0,935,1,424,0,935,26253,98650,S2000KS027002,12/5/2000,39.208106999999998,-97.2371216,US,United States,KS,Kansas,KS027,Clay,74,Central Kansas Sandstone Hills,KS027,"Clay County, Kansas",,,,,Crete,Crete,,166432,166856,01P01451,3686,26253,26253,13,horizon,,,,10,25,2A,2A,2,A,,,,,,,997,01P01451,166856,S,32643,2614,18270,18061,2861,377,8034,439,335508,,3728,193,82,,,,,,,,,,,,,,,,,,,,,,,2668914,896033,18880154,NHDFlowline,1.218600000000000,12/5/2000 0:00
225,0,936,1,425,0,936,26253,98650,S2000KS027002,12/5/2000,39.208106999999998,-97.2371216,US,United States,KS,Kansas,KS027,Clay,74,Central Kansas Sandstone Hills,KS027,"Clay County, Kansas",,,,,Crete,Crete,,166433,166857,01P01452,3686,26253,26253,14,horizon,,,,0,5,2B,2B,2,B,,,,,,,998,01P01452,166857,S,30201,2407,17472,19310,2819,388,8352,491,342698,,3795,206,82,,,,,,,,,,,,,,,,,,,,,,,2668914,896033,18880154,NHDFlowline,1.218600000000000,12/5/2000 0:00
226,0,937,1,426,0,937,26253,98650,S2000KS027002,12/5/2000,39.208106999999998,-97.2371216,US,United States,KS,Kansas,KS027,Clay,74,Central Kansas Sandstone Hills,KS027,"Clay County, Kansas",,,,,Crete,Crete,,166434,166858,01P01453,3686,26253,26253,15,horizon,,,,5,10,2B,2B,2,B,,,,,,,999,01P01453,166858,S,32395,2572,19134,19540,3090,395,8591,467,352549,,3963,207,82,,,,,,,,,,,,,,,,,,,,,,,2668914,896033,18880154,NHDFlowline,1.218600000000000,12/5/2000 0:00
227,0,938,1,427,0,938,26253,98650,S2000KS027002,12/5/2000,39.208106999999998,-97.2371216,US,United States,KS,Kansas,KS027,Clay,74,Central Kansas Sandstone Hills,KS027,"Clay County, Kansas",,,,,Crete,Crete,,166435,166859,01P01454,3686,26253,26253,16,horizon,,,,10,25,2B,2B,2,B,,,,,,,1000,01P01454,166859,S,34832,2643,19718,19575,3136,395,8783,437,361172,,4070,209,82,,,,,,,,,,,,,,,,,,,,,,,2668914,896033,18880154,NHDFlowline,1.218600000000000,12/5/2000 0:00
228,0,502,1,442,0,502,33422,204134,S06IN037008,7/25/2006,38.460055599999997,-86.6986944,US,United States,IN,Indiana,IN037,Dubois,,,IN037,"Dubois County, Indiana",,,,,Apalona,Apalona,series,192727,203492,06N04851,4842,33422,33572,52,horizon,S06IN037-008-1,,,0,10,Ap1,Ap1,,A,,1,,,0,Silt loam,3951,06N04851,203492,HM,46554,4262,24881,14757,3160,476,4591,591,384879,72,5147,281,81,,,,,,,,,,,,,,,,,,,,,,,535625,255900,18439098,NHDFlowline,8.184600000000000,7/25/2006 0:00
229,0,503,1,443,0,503,33422,204134,S06IN037008,7/25/2006,38.460055599999997,-86.6986944,US,United States,IN,Indiana,IN037,Dubois,,,IN037,"Dubois County, Indiana",,,,,Apalona,Apalona,series,192728,203493,06N04852,4842,33422,33572,53,horizon,S06IN037-008-2,,,10,21,Ap2,Ap2,,A,,2,,,0,Silt loam,3952,06N04852,203493,HM,50578,3908,27671,15110,3398,516,4647,369,395731,74,5332,285,81,,,,,,,,,,,,,,,,,,,,,,,535625,255900,18439098,NHDFlowline,8.184600000000000,7/25/2006 0:00
230,0,504,1,444,0,504,33422,204134,S06IN037008,7/25/2006,38.460055599999997,-86.6986944,US,United States,IN,Indiana,IN037,Dubois,,,IN037,"Dubois County, Indiana",,,,,Apalona,Apalona,series,192729,203494,06N04853,4842,33422,33572,54,horizon,S06IN037-008-3,,,21,39,Bt1,Bt1,,B,,1,,,0,Silty clay loam,3953,06N04853,203494,HM,46100,2176,29552,12325,3057,305,3563,164,376589,56,4425,181,81,,,,,,,,,,,,,,,,,,,,,,,535625,255900,18439098,NHDFlowline,8.184600000000000,7/25/2006 0:00
231,0,505,1,445,0,505,33422,204134,S06IN037008,7/25/2006,38.460055599999997,-86.6986944,US,United States,IN,Indiana,IN037,Dubois,,,IN037,"Dubois County, Indiana",,,,,Apalona,Apalona,series,192730,203495,06N04854,4842,33422,33572,55,horizon,S06IN037-008-4,,,39,54,Bt2,Bt2,,B,,2,,,0,Silt loam,3954,06N04854,203495,HM,43368,1422,25537,10830,2527,350,2563,127,418436,47,4876,181,81,,,,,,,,,,,,,,,,,,,,,,,535625,255900,18439098,NHDFlowline,8.184600000000000,7/25/2006 0:00
232,0,506,1,446,0,506,33422,204134,S06IN037008,7/25/2006,38.460055599999997,-86.6986944,US,United States,IN,Indiana,IN037,Dubois,,,IN037,"Dubois County, Indiana",,,,,Apalona,Apalona,series,192731,203496,06N04855,4842,33422,33572,56,horizon,S06IN037-008-5,,,54,96,2Btx1,2Btx1,2,B,,1,,,0,Silt loam,3955,06N04855,203496,HM,47649,864,27603,8442,2491,257,1346,98,365000,36,4985,176,81,,,,,,,,,,,,,,,,,,,,,,,535625,255900,18439098,NHDFlowline,8.184600000000000,7/25/2006 0:00
233,0,507,1,447,0,507,33422,204134,S06IN037008,7/25/2006,38.460055599999997,-86.6986944,US,United States,IN,Indiana,IN037,Dubois,,,IN037,"Dubois County, Indiana",,,,,Apalona,Apalona,series,192732,203497,06N04856,4842,33422,33572,57,horizon,S06IN037-008-6,,,96,114,2Btx2,2Btx2,2,B,,2,,,0,Gravelly Silty clay loam,3956,06N04856,203497,HM,64372,735,41767,8014,3388,653,342,155,343271,33,4908,143,81,,,,,,,,,,,,,,,,,,,,,,,535625,255900,18439098,NHDFlowline,8.184600000000000,7/25/2006 0:00
234,0,508,1,448,0,508,33422,204134,S06IN037008,7/25/2006,38.460055599999997,-86.6986944,US,United States,IN,Indiana,IN037,Dubois,,,IN037,"Dubois County, Indiana",,,,,Apalona,Apalona,series,192733,203498,06N04857,4842,33422,33572,58,horizon,S06IN037-008-7,,,114,143,2Bt3,2Bt3,2,B,,3,,,0,Channery Silty clay loam,3957,06N04857,203498,HM,55330,693,30550,7990,2831,565,349,125,357362,31,5123,190,81,,,,,,,,,,,,,,,,,,,,,,,535625,255900,18439098,NHDFlowline,8.184600000000000,7/25/2006 0:00
235,0,509,1,449,0,509,33422,204134,S06IN037008,7/25/2006,38.460055599999997,-86.6986944,US,United States,IN,Indiana,IN037,Dubois,,,IN037,"Dubois County, Indiana",,,,,Apalona,Apalona,series,192734,203499,06N04858,4842,33422,33572,59,horizon,S06IN037-008-8,,,143,183,Cr,Cr,,C,,,,,0,Silty clay loam,3958,06N04858,203499,HM,59217,1292,26825,11372,4430,193,620,77,333656,40,5184,166,81,,,,,,,,,,,,,,,,,,,,,,,535625,255900,18439098,NHDFlowline,8.184600000000000,7/25/2006 0:00
236,0,515,1,450,0,515,33419,249596,S2006IN037005,7/25/2006,38.459804499999997,-86.6981354,US,United States,IN,Indiana,IN037,Dubois,,,IN037,"Dubois County, Indiana",,,,,Gilpin,Gilpin,taxadjunct,192703,203468,06N04827,4842,33419,33569,28,horizon,S06IN037-005-1,,,0,8,Ap1,Ap1,,A,,1,,,0,Silt loam,3927,06N04827,203468,HM,43217,3426,26721,12867,2834,560,3240,801,370681,50,4610,217,81,,,,,,,,,,,,,,,,,,,,,,,535625,255900,18439098,NHDFlowline,8.184600000000000,7/25/2006 0:00
237,0,516,1,451,0,516,33419,249596,S2006IN037005,7/25/2006,38.459804499999997,-86.6981354,US,United States,IN,Indiana,IN037,Dubois,,,IN037,"Dubois County, Indiana",,,,,Gilpin,Gilpin,taxadjunct,192704,203469,06N04828,4842,33419,33569,29,horizon,S06IN037-005-2,,,8,17,Ap2,Ap2,,A,,2,,,0,Silt loam,3928,06N04828,203469,HM,47648,3430,34921,13035,3060,824,3205,417,373835,51,4849,235,81,,,,,,,,,,,,,,,,,,,,,,,535625,255900,18439098,NHDFlowline,8.184600000000000,7/25/2006 0:00
238,0,517,1,452,0,517,33419,249596,S2006IN037005,7/25/2006,38.459804499999997,-86.6981354,US,United States,IN,Indiana,IN037,Dubois,,,IN037,"Dubois County, Indiana",,,,,Gilpin,Gilpin,taxadjunct,192705,203470,06N04829,4842,33419,33569,30,horizon,S06IN037-005-3,,,17,50,2Bt1,2Bt1,2,B,,1,,,0,Channery Silt loam,3929,06N04829,203470,HM,53252,2646,33097,12030,3412,243,1347,256,399428,36,5449,221,81,,,,,,,,,,,,,,,,,,,,,,,535625,255900,18439098,NHDFlowline,8.184600000000000,7/25/2006 0:00
239,0,518,1,453,0,518,33419,249596,S2006IN037005,7/25/2006,38.459804499999997,-86.6981354,US,United States,IN,Indiana,IN037,Dubois,,,IN037,"Dubois County, Indiana",,,,,Gilpin,Gilpin,taxadjunct,192706,203471,06N04830,4842,33419,33569,31,horizon,S06IN037-005-4,,,50,64,2Bt2,2Bt2,2,B,,2,,,0,Very channery Silty clay,3930,06N04830,203471,HM,59277,1519,31968,12654,4068,111,931,319,389497,34,5929,236,81,,,,,,,,,,,,,,,,,,,,,,,535625,255900,18439098,NHDFlowline,8.184600000000000,7/25/2006 0:00
240,0,519,1,454,0,519,33419,249596,S2006IN037005,7/25/2006,38.459804499999997,-86.6981354,US,United States,IN,Indiana,IN037,Dubois,,,IN037,"Dubois County, Indiana",,,,,Gilpin,Gilpin,taxadjunct,192707,203472,06N04831,4842,33419,33569,32,horizon,S06IN037-005-5,,,64,90,2Bt3,2Bt3,2,B,,3,,,0,Channery Silty clay,3931,06N04831,203472,HM,68814,995,32288,14664,5361,92,709,109,381472,36,6227,236,81,,,,,,,,,,,,,,,,,,,,,,,535625,255900,18439098,NHDFlowline,8.184600000000000,7/25/2006 0:00
241,0,520,1,455,0,520,33419,249596,S2006IN037005,7/25/2006,38.459804499999997,-86.6981354,US,United States,IN,Indiana,IN037,Dubois,,,IN037,"Dubois County, Indiana",,,,,Gilpin,Gilpin,taxadjunct,192708,203473,06N04832,4842,33419,33569,33,horizon,S06IN037-005-6,,,90,150,2Cr,2Cr,2,C,,,,,0,Channers to Parachanners,3932,06N04832,203473,HM,69592,1597,19564,18107,6165,116,711,169,391680,53,6529,250,81,,,,,,,,,,,,,,,,,,,,,,,535625,255900,18439098,NHDFlowline,8.184600000000000,7/25/2006 0:00
242,0,533,1,456,0,533,33415,249590,S2006IN037001,7/24/2006,38.460529299999997,-86.7002792,US,United States,IN,Indiana,IN037,Dubois,,,IN037,"Dubois County, Indiana",,,,,Wellston,Wellston,taxadjunct,192677,203442,06N04800,4842,33415,33565,1,horizon,S06IN037-001-1,,,0,20,A,A,,A,,,,,0,Silt loam,3901,06N04800,203442,HM,43106,2641,20635,13944,2725,1101,4620,338,329002,62,4697,235,81,,,,,,,,,,,,,,,,,,,,,,,535659,255900,18439098,NHDFlowline,8.184600000000000,7/24/2006 0:00
243,0,534,1,457,0,534,33415,249590,S2006IN037001,7/24/2006,38.460529299999997,-86.7002792,US,United States,IN,Indiana,IN037,Dubois,,,IN037,"Dubois County, Indiana",,,,,Wellston,Wellston,taxadjunct,192678,203443,06N04801,4842,33415,33565,2,horizon,S06IN037-001-2,,,20,45,Bt1,Bt1,,B,,1,,,0,Silt loam,3902,06N04801,203443,HM,54390,2246,30456,15773,3966,459,5089,232,341889,66,4861,220,81,,,,,,,,,,,,,,,,,,,,,,,535659,255900,18439098,NHDFlowline,8.184600000000000,7/24/2006 0:00
244,0,535,1,458,0,535,33415,249590,S2006IN037001,7/24/2006,38.460529299999997,-86.7002792,US,United States,IN,Indiana,IN037,Dubois,,,IN037,"Dubois County, Indiana",,,,,Wellston,Wellston,taxadjunct,192679,203444,06N04802,4842,33415,33565,3,horizon,S06IN037-001-3,,,45,65,Bt2,Bt2,,B,,2,,,0,Silty clay loam,3903,06N04802,203444,HM,53864,2266,34717,15785,4339,256,6094,247,348285,74,4626,208,81,,,,,,,,,,,,,,,,,,,,,,,535659,255900,18439098,NHDFlowline,8.184600000000000,7/24/2006 0:00
245,0,536,1,459,0,536,33415,249590,S2006IN037001,7/24/2006,38.460529299999997,-86.7002792,US,United States,IN,Indiana,IN037,Dubois,,,IN037,"Dubois County, Indiana",,,,,Wellston,Wellston,taxadjunct,192680,203445,06N04803,4842,33415,33565,4,horizon,S06IN037-001-4,,,65,92,Btx,Btx,,B,,,,,0,Silty clay loam,3904,06N04803,203445,HM,53319,2521,37206,14557,4333,436,6192,176,349748,80,4662,222,81,,,,,,,,,,,,,,,,,,,,,,,535659,255900,18439098,NHDFlowline,8.184600000000000,7/24/2006 0:00
246,0,537,1,460,0,537,33415,249590,S2006IN037001,7/24/2006,38.460529299999997,-86.7002792,US,United States,IN,Indiana,IN037,Dubois,,,IN037,"Dubois County, Indiana",,,,,Wellston,Wellston,taxadjunct,192681,203446,06N04804,4842,33415,33565,6,horizon,S06IN037-001-6,,,134,145,Cr,Cr,,C,,,,,0,Silty clay,3905,06N04804,203446,HM,105183,3325,36226,18793,8608,495,1251,313,277692,87,5572,162,81,,,,,,,,,,,,,,,,,,,,,,,535659,255900,18439098,NHDFlowline,8.184600000000000,7/24/2006 0:00
247,0,538,1,461,0,538,33420,249597,S2006IN037006,7/25/2006,38.460555999999997,-86.6986084,US,United States,IN,Indiana,IN037,Dubois,,,IN037,"Dubois County, Indiana",,,,,Gillpin,Gillpin,taxadjunct,192709,203474,06N04833,4842,33420,33570,34,horizon,S06IN037-006-1,,,0,15,Ap1,Ap1,,A,,1,,,0,Silt loam,3933,06N04833,203474,HM,46192,3864,22790,13819,2974,538,4431,584,338887,65,4783,206,81,,,,,,,,,,,,,,,,,,,,,,,535625,255900,18439098,NHDFlowline,8.184600000000000,7/25/2006 0:00
248,0,539,1,462,0,539,33420,249597,S2006IN037006,7/25/2006,38.460555999999997,-86.6986084,US,United States,IN,Indiana,IN037,Dubois,,,IN037,"Dubois County, Indiana",,,,,Gillpin,Gillpin,taxadjunct,192710,203475,06N04834,4842,33420,33570,35,horizon,S06IN037-006-2,,,15,28,Ap2,Ap2,,A,,2,,,0,Silt loam,3934,06N04834,203475,HM,47151,3653,24700,15277,3128,691,4756,396,364137,72,5102,287,81,,,,,,,,,,,,,,,,,,,,,,,535625,255900,18439098,NHDFlowline,8.184600000000000,7/25/2006 0:00
249,0,540,1,463,0,540,33420,249597,S2006IN037006,7/25/2006,38.460555999999997,-86.6986084,US,United States,IN,Indiana,IN037,Dubois,,,IN037,"Dubois County, Indiana",,,,,Gillpin,Gillpin,taxadjunct,192711,203476,06N04835,4842,33420,33570,36,horizon,S06IN037-006-3,,,28,56,Bt1,Bt1,,B,,1,,,0,Silty clay loam,3935,06N04835,203476,HM,56457,3435,34895,15470,4342,302,5335,276,346943,76,4858,251,81,,,,,,,,,,,,,,,,,,,,,,,535625,255900,18439098,NHDFlowline,8.184600000000000,7/25/2006 0:00
250,0,541,1,464,0,541,33420,249597,S2006IN037006,7/25/2006,38.460555999999997,-86.6986084,US,United States,IN,Indiana,IN037,Dubois,,,IN037,"Dubois County, Indiana",,,,,Gillpin,Gillpin,taxadjunct,192712,203477,06N04836,4842,33420,33570,37,horizon,S06IN037-006-4,,,56,74,Bt2,Bt2,,B,,2,,,0,Silty clay loam,3936,06N04836,203477,HM,41124,2054,21695,10645,2829,279,3808,98,376091,60,4229,199,81,,,,,,,,,,,,,,,,,,,,,,,535625,255900,18439098,NHDFlowline,8.184600000000000,7/25/2006 0:00
251,0,542,1,465,0,542,33420,249597,S2006IN037006,7/25/2006,38.460555999999997,-86.6986084,US,United States,IN,Indiana,IN037,Dubois,,,IN037,"Dubois County, Indiana",,,,,Gillpin,Gillpin,taxadjunct,192713,203478,06N04837,4842,33420,33570,38,horizon,S06IN037-006-5,,,74,88,Bt3,Bt3,,B,,3,,,0,Silt loam,3937,06N04837,203478,HM,50467,2599,28733,14030,3938,250,5736,195,359896,79,4628,240,81,,,,,,,,,,,,,,,,,,,,,,,535625,255900,18439098,NHDFlowline,8.184600000000000,7/25/2006 0:00
252,0,543,1,466,0,543,33420,249597,S2006IN037006,7/25/2006,38.460555999999997,-86.6986084,US,United States,IN,Indiana,IN037,Dubois,,,IN037,"Dubois County, Indiana",,,,,Gillpin,Gillpin,taxadjunct,192714,203479,06N04838,4842,33420,33570,39,horizon,S06IN037-006-6,,,88,100,2Btx,2Btx,2,B,,,,,0,Silty clay loam,3938,06N04838,203479,HM,41388,1596,21662,9172,2625,245,2652,83,382577,45,4356,247,81,,,,,,,,,,,,,,,,,,,,,,,535625,255900,18439098,NHDFlowline,8.184600000000000,7/25/2006 0:00
253,0,544,1,467,0,544,33420,249597,S2006IN037006,7/25/2006,38.460555999999997,-86.6986084,US,United States,IN,Indiana,IN037,Dubois,,,IN037,"Dubois County, Indiana",,,,,Gillpin,Gillpin,taxadjunct,192715,203480,06N04839,4842,33420,33570,40,horizon,S06IN037-006-7,,,100,134,3Bt1,3Bt1,3,B,,1,,,0,Silty clay,3939,06N04839,203480,HM,63961,1311,26879,8915,4542,112,639,77,364365,37,4108,220,81,,,,,,,,,,,,,,,,,,,,,,,535625,255900,18439098,NHDFlowline,8.184600000000000,7/25/2006 0:00
254,0,545,1,468,0,545,33420,249597,S2006IN037006,7/25/2006,38.460555999999997,-86.6986084,US,United States,IN,Indiana,IN037,Dubois,,,IN037,"Dubois County, Indiana",,,,,Gillpin,Gillpin,taxadjunct,192716,203481,06N04840,4842,33420,33570,41,horizon,S06IN037-006-8,,,134,147,3Bt2,3Bt2,3,B,,2,,,0,Clay,3940,06N04840,203481,HM,57958,1368,52480,8523,4073,551,544,421,342951,33,4003,250,81,,,,,,,,,,,,,,,,,,,,,,,535625,255900,18439098,NHDFlowline,8.184600000000000,7/25/2006 0:00
255,0,546,1,469,0,546,33420,249597,S2006IN037006,7/25/2006,38.460555999999997,-86.6986084,US,United States,IN,Indiana,IN037,Dubois,,,IN037,"Dubois County, Indiana",,,,,Gillpin,Gillpin,taxadjunct,192717,203482,06N04841,4842,33420,33570,42,horizon,S06IN037-006-9,,,147,168,4Bt,4Bt,4,B,,,,,0,Gravelly Clay,3941,06N04841,203482,HM,56531,1457,117890,9694,4447,6154,494,1270,292320,44,3973,159,81,,,,,,,,,,,,,,,,,,,,,,,535625,255900,18439098,NHDFlowline,8.184600000000000,7/25/2006 0:00
256,0,547,1,470,0,547,33420,249597,S2006IN037006,7/25/2006,38.460555999999997,-86.6986084,US,United States,IN,Indiana,IN037,Dubois,,,IN037,"Dubois County, Indiana",,,,,Gillpin,Gillpin,taxadjunct,192718,203483,06N04842,4842,33420,33570,43,horizon,S06IN037-006-10,,,168,182,Cr,Cr,,C,,,,,0,,3942,06N04842,203483,HM,53921,1492,41172,12498,4294,1534,566,158,351645,35,4673,195,81,,,,,,,,,,,,,,,,,,,,,,,535625,255900,18439098,NHDFlowline,8.184600000000000,7/25/2006 0:00
257,0,548,1,471,0,548,33421,249598,S2006IN037007,7/25/2006,38.460304299999997,-86.6986084,US,United States,IN,Indiana,IN037,Dubois,,,IN037,"Dubois County, Indiana",,,,,Gilpin,Gilpin,taxadjunct,192719,203484,06N04843,4842,33421,33571,44,horizon,S06IN037-007-1,,,0,23,Ap,Ap,,A,,,,,0,Silt loam,3943,06N04843,203484,HM,47065,3457,25342,15222,3135,674,4692,547,368304,71,5111,273,81,,,,,,,,,,,,,,,,,,,,,,,535625,255900,18439098,NHDFlowline,8.184600000000000,7/25/2006 0:00
258,0,549,1,472,0,549,33421,249598,S2006IN037007,7/25/2006,38.460304299999997,-86.6986084,US,United States,IN,Indiana,IN037,Dubois,,,IN037,"Dubois County, Indiana",,,,,Gilpin,Gilpin,taxadjunct,192720,203485,06N04844,4842,33421,33571,45,horizon,S06IN037-007-2,,,23,49,Bt1,Bt1,,B,,1,,,0,Silt loam,3944,06N04844,203485,HM,51393,2568,32504,15816,3812,296,5707,274,370672,76,5060,275,81,,,,,,,,,,,,,,,,,,,,,,,535625,255900,18439098,NHDFlowline,8.184600000000000,7/25/2006 0:00
259,0,550,1,473,0,550,33421,249598,S2006IN037007,7/25/2006,38.460304299999997,-86.6986084,US,United States,IN,Indiana,IN037,Dubois,,,IN037,"Dubois County, Indiana",,,,,Gilpin,Gilpin,taxadjunct,192721,203486,06N04845,4842,33421,33571,46,horizon,S06IN037-007-3,,,49,70,Bt2,Bt2,,B,,2,,,0,Silt loam,3945,06N04845,203486,HM,47875,3065,30473,14553,3770,248,6824,194,359804,87,4658,253,81,,,,,,,,,,,,,,,,,,,,,,,535625,255900,18439098,NHDFlowline,8.184600000000000,7/25/2006 0:00
260,0,551,1,474,0,551,33421,249598,S2006IN037007,7/25/2006,38.460304299999997,-86.6986084,US,United States,IN,Indiana,IN037,Dubois,,,IN037,"Dubois County, Indiana",,,,,Gilpin,Gilpin,taxadjunct,192722,203487,06N04846,4842,33421,33571,47,horizon,S06IN037-007-4,,,70,92,Btx1,Btx1,,B,,1,,,0,Silt loam,3946,06N04846,203487,HM,42412,2272,24331,10570,2970,265,3755,110,378798,63,4261,218,81,,,,,,,,,,,,,,,,,,,,,,,535625,255900,18439098,NHDFlowline,8.184600000000000,7/25/2006 0:00
261,0,552,1,475,0,552,33421,249598,S2006IN037007,7/25/2006,38.460304299999997,-86.6986084,US,United States,IN,Indiana,IN037,Dubois,,,IN037,"Dubois County, Indiana",,,,,Gilpin,Gilpin,taxadjunct,192723,203488,06N04847,4842,33421,33571,48,horizon,S06IN037-007-5,,,92,103,2Btx2,2Btx2,2,B,,2,,,0,Silt loam,3947,06N04847,203488,HM,49873,1685,24063,8663,3162,218,1959,84,387513,46,4409,209,81,,,,,,,,,,,,,,,,,,,,,,,535625,255900,18439098,NHDFlowline,8.184600000000000,7/25/2006 0:00
262,0,553,1,476,0,553,33421,249598,S2006IN037007,7/25/2006,38.460304299999997,-86.6986084,US,United States,IN,Indiana,IN037,Dubois,,,IN037,"Dubois County, Indiana",,,,,Gilpin,Gilpin,taxadjunct,192724,203489,06N04848,4842,33421,33571,49,horizon,S06IN037-007-6,,,103,133,3Bt3,3Bt3,3,B,,3,,,0,Silty clay,3948,06N04848,203489,HM,79965,2043,48693,7935,5429,221,641,157,347100,47,4684,208,81,,,,,,,,,,,,,,,,,,,,,,,535625,255900,18439098,NHDFlowline,8.184600000000000,7/25/2006 0:00
263,0,554,1,477,0,554,33421,249598,S2006IN037007,7/25/2006,38.460304299999997,-86.6986084,US,United States,IN,Indiana,IN037,Dubois,,,IN037,"Dubois County, Indiana",,,,,Gilpin,Gilpin,taxadjunct,192725,203490,06N04849,4842,33421,33571,50,horizon,S06IN037-007-7,,,133,150,3Bt4,3Bt4,3,B,,4,,,0,Silty clay,3949,06N04849,203490,HM,79238,2163,138144,9024,6865,3546,503,1149,274825,80,4325,137,81,,,,,,,,,,,,,,,,,,,,,,,535625,255900,18439098,NHDFlowline,8.184600000000000,7/25/2006 0:00
264,0,555,1,478,0,555,33421,249598,S2006IN037007,7/25/2006,38.460304299999997,-86.6986084,US,United States,IN,Indiana,IN037,Dubois,,,IN037,"Dubois County, Indiana",,,,,Gilpin,Gilpin,taxadjunct,192726,203491,06N04850,4842,33421,33571,51,horizon,S06IN037-007-8,,,150,170,3BC,3BC,3,BC,,,,,0,Silty clay,3950,06N04850,203491,HM,67433,2033,30544,13485,5827,366,613,83,379257,40,5796,211,81,,,,,,,,,,,,,,,,,,,,,,,535625,255900,18439098,NHDFlowline,8.184600000000000,7/25/2006 0:00
265,0,563,1,479,0,563,33416,249591,S2006IN037002,7/24/2006,38.460472099999997,-86.7000275,US,United States,IN,Indiana,IN037,Dubois,,,IN037,"Dubois County, Indiana",,,,,Wellston,Wellston,series,192682,203447,06N04805,4842,33416,33566,7,horizon,S06IN037-002-1,,,0,7,Ap,Ap,,A,,,,,0,Silt loam,3906,06N04805,203447,HM,46940,3233,25142,15183,3395,594,4784,564,341275,65,4726,236,81,,,,,,,,,,,,,,,,,,,,,,,535659,255900,18439098,NHDFlowline,8.184600000000000,7/24/2006 0:00
266,0,564,1,480,0,564,33416,249591,S2006IN037002,7/24/2006,38.460472099999997,-86.7000275,US,United States,IN,Indiana,IN037,Dubois,,,IN037,"Dubois County, Indiana",,,,,Wellston,Wellston,series,192683,203448,06N04807,4842,33416,33566,8,horizon,S06IN037-002-2,,,7,20,BA,BA,,BA,,,,,0,Silt loam,3907,06N04807,203448,HM,49833,3117,27145,15423,3571,642,4885,418,350060,67,4884,244,81,,,,,,,,,,,,,,,,,,,,,,,535659,255900,18439098,NHDFlowline,8.184600000000000,7/24/2006 0:00
267,0,565,1,481,0,565,33416,249591,S2006IN037002,7/24/2006,38.460472099999997,-86.7000275,US,United States,IN,Indiana,IN037,Dubois,,,IN037,"Dubois County, Indiana",,,,,Wellston,Wellston,series,192684,203449,06N04808,4842,33416,33566,9,horizon,S06IN037-002-3,,,20,51,Bt1,Bt1,,B,,1,,,0,Silt loam,3908,06N04808,203449,HM,57184,2713,36242,16651,4699,274,6158,325,354481,77,4854,236,81,,,,,,,,,,,,,,,,,,,,,,,535659,255900,18439098,NHDFlowline,8.184600000000000,7/24/2006 0:00
268,0,566,1,482,0,566,33416,249591,S2006IN037002,7/24/2006,38.460472099999997,-86.7000275,US,United States,IN,Indiana,IN037,Dubois,,,IN037,"Dubois County, Indiana",,,,,Wellston,Wellston,series,192685,203450,06N04809,4842,33416,33566,10,horizon,S06IN037-002-4,,,51,63,Bt2,Bt2,,B,,2,,,0,Silty clay loam,3909,06N04809,203450,HM,66971,3214,37009,16991,5784,256,6753,206,343274,97,4735,198,81,,,,,,,,,,,,,,,,,,,,,,,535659,255900,18439098,NHDFlowline,8.184600000000000,7/24/2006 0:00
269,0,567,1,483,0,567,33416,249591,S2006IN037002,7/24/2006,38.460472099999997,-86.7000275,US,United States,IN,Indiana,IN037,Dubois,,,IN037,"Dubois County, Indiana",,,,,Wellston,Wellston,series,192686,203451,06N04810,4842,33416,33566,11,horizon,S06IN037-002-5,,,63,84,2Bt3,2Bt3,2,B,,3,,,0,Silty clay loam,3910,06N04810,203451,HM,65638,2469,34404,15720,4761,490,4930,143,345354,87,5419,205,81,,,,,,,,,,,,,,,,,,,,,,,535659,255900,18439098,NHDFlowline,8.184600000000000,7/24/2006 0:00
270,0,568,1,484,0,568,33416,249591,S2006IN037002,7/24/2006,38.460472099999997,-86.7000275,US,United States,IN,Indiana,IN037,Dubois,,,IN037,"Dubois County, Indiana",,,,,Wellston,Wellston,series,192687,203452,06N04811,4842,33416,33566,12,horizon,S06IN037-002-6,,,84,114,2Bt4,2Bt4,2,B,,4,,,0,Silty clay,3911,06N04811,203452,HM,111944,2071,51565,16955,8674,209,1452,198,271237,89,5137,134,81,,,,,,,,,,,,,,,,,,,,,,,535659,255900,18439098,NHDFlowline,8.184600000000000,7/24/2006 0:00
271,0,569,1,485,0,569,33416,249591,S2006IN037002,7/24/2006,38.460472099999997,-86.7000275,US,United States,IN,Indiana,IN037,Dubois,,,IN037,"Dubois County, Indiana",,,,,Wellston,Wellston,series,192688,203453,06N04812,4842,33416,33566,13,horizon,S06IN037-002-7,,,114,170,2BCt,2BCt,2,BC,,,,,0,Clay,3912,06N04812,203453,HM,118701,1897,43046,26201,10139,210,1337,213,267958,97,5527,139,81,,,,,,,,,,,,,,,,,,,,,,,535659,255900,18439098,NHDFlowline,8.184600000000000,7/24/2006 0:00
272,0,570,1,486,0,570,33418,249593,S2006IN037004,7/25/2006,38.460250899999998,-86.6991653,US,United States,IN,Indiana,IN037,Dubois,,,IN037,"Dubois County, Indiana",,,,,Gilpin,Gilpin,series,192696,203461,06N04820,4842,33418,33568,21,horizon,S06IN037-004-1,,,0,16,Ap,Ap,,A,,,,,0,Silt loam,3920,06N04820,203461,HM,45479,3355,27423,10764,2566,397,2335,445,355520,45,4325,218,81,,,,,,,,,,,,,,,,,,,,,,,535625,255900,18439098,NHDFlowline,8.184600000000000,7/25/2006 0:00
273,0,571,1,487,0,571,33418,249593,S2006IN037004,7/25/2006,38.460250899999998,-86.6991653,US,United States,IN,Indiana,IN037,Dubois,,,IN037,"Dubois County, Indiana",,,,,Gilpin,Gilpin,series,192697,203462,06N04821,4842,33418,33568,22,horizon,S06IN037-004-2,,,16,33,Bt1,Bt1,,B,,1,,,0,Silty clay loam,3921,06N04821,203462,HM,55961,2984,35186,8770,2898,231,840,232,341400,38,4329,175,81,,,,,,,,,,,,,,,,,,,,,,,535625,255900,18439098,NHDFlowline,8.184600000000000,7/25/2006 0:00
274,0,572,1,488,0,572,33418,249593,S2006IN037004,7/25/2006,38.460250899999998,-86.6991653,US,United States,IN,Indiana,IN037,Dubois,,,IN037,"Dubois County, Indiana",,,,,Gilpin,Gilpin,series,192698,203463,06N04822,4842,33418,33568,23,horizon,S06IN037-004-3,,,33,63,Bt2,Bt2,,B,,2,,,0,Paragravelly Silt loam,3922,06N04822,203463,HM,51379,919,28692,8657,2710,201,584,216,383987,32,4535,203,81,,,,,,,,,,,,,,,,,,,,,,,535625,255900,18439098,NHDFlowline,8.184600000000000,7/25/2006 0:00
275,0,573,1,489,0,573,33418,249593,S2006IN037004,7/25/2006,38.460250899999998,-86.6991653,US,United States,IN,Indiana,IN037,Dubois,,,IN037,"Dubois County, Indiana",,,,,Gilpin,Gilpin,series,192699,203464,06N04823,4842,33418,33568,24,horizon,S06IN037-004-4,,,63,87,Bt3,Bt3,,B,,3,,,0,Parachannery Silty clay loam,3923,06N04823,203464,HM,59669,907,23910,10257,3622,83,502,61,366741,27,4622,220,81,,,,,,,,,,,,,,,,,,,,,,,535625,255900,18439098,NHDFlowline,8.184600000000000,7/25/2006 0:00
276,0,574,1,490,0,574,33418,249593,S2006IN037004,7/25/2006,38.460250899999998,-86.6991653,US,United States,IN,Indiana,IN037,Dubois,,,IN037,"Dubois County, Indiana",,,,,Gilpin,Gilpin,series,192700,203465,06N04824,4842,33418,33568,25,horizon,S06IN037-004-5,,,87,120,2BC1,2BC1,2,BC,,1,,,0,Extremely parachannery Silty clay loam,3924,06N04824,203465,HM,52262,968,16467,11087,3462,72,578,79,393603,26,4236,215,81,,,,,,,,,,,,,,,,,,,,,,,535625,255900,18439098,NHDFlowline,8.184600000000000,7/25/2006 0:00
277,0,575,1,491,0,575,33418,249593,S2006IN037004,7/25/2006,38.460250899999998,-86.6991653,US,United States,IN,Indiana,IN037,Dubois,,,IN037,"Dubois County, Indiana",,,,,Gilpin,Gilpin,series,192701,203466,06N04825,4842,33418,33568,26,horizon,S06IN037-004-6,,,120,134,2BC2,2BC2,2,BC,,2,,,0,Very parachannery Silty clay,3925,06N04825,203466,HM,52977,1549,17689,11643,3806,77,592,59,393904,30,4151,221,81,,,,,,,,,,,,,,,,,,,,,,,535625,255900,18439098,NHDFlowline,8.184600000000000,7/25/2006 0:00
278,0,576,1,492,0,576,33418,249593,S2006IN037004,7/25/2006,38.460250899999998,-86.6991653,US,United States,IN,Indiana,IN037,Dubois,,,IN037,"Dubois County, Indiana",,,,,Gilpin,Gilpin,series,192702,203467,06N04826,4842,33418,33568,27,horizon,S06IN037-004-7,,,134,164,2Cr,2Cr,2,C,,,,,0,Bedrock,3926,06N04826,203467,HM,46747,1852,60937,11992,4224,3572,536,227,333012,32,4472,186,81,,,,,,,,,,,,,,,,,,,,,,,535625,255900,18439098,NHDFlowline,8.184600000000000,7/25/2006 0:00
279,1,605,1,493,0,605,33254,274475,S2006IN159001,9/20/2006,40.403610200000003,-86.1532211,US,United States,IN,Indiana,IN159,Tipton,111A,"Indiana and Ohio Till Plain, Central Part",IN159,"Tipton County, Indiana",,,,,Wapahani,Wapahani,series,191838,202603,06N04730,4824,33254,33404,4,horizon,06IN-159-001-4,,,46,70,CB,CB,,CB,,,,,0,Loam,3838,06N04730,202603,HM,47693,62200,27080,18092,23402,565,7905,353,295242,151,2556,94,21,20097685,3/9/2009 0:00,Medium,445755,West Fork Little Wildcat Creek,9.586000000000000,05120107000135,With Digitized,0,StreamRiver,46006,0.098205914,TRUE,0,,,100.000000000000000,126000,,,,,162160,240545,20097685,NHDFlowline,20.031300000000002,9/20/2006 0:00
280,1,606,1,494,0,606,33254,274475,S2006IN159001,9/20/2006,40.403610200000003,-86.1532211,US,United States,IN,Indiana,IN159,Tipton,111A,"Indiana and Ohio Till Plain, Central Part",IN159,"Tipton County, Indiana",,,,,Wapahani,Wapahani,series,191839,202604,06N04731,4824,33254,33404,5,horizon,06IN-159-001-5,,,70,92,C,C,,C,,,,,0,Loam,3839,06N04731,202604,HM,49466,36498,29926,19277,13694,598,8325,362,329205,141,2994,128,21,20097685,3/9/2009 0:00,Medium,445755,West Fork Little Wildcat Creek,9.586000000000000,05120107000135,With Digitized,0,StreamRiver,46006,0.098205914,TRUE,0,,,100.000000000000000,126000,,,,,162160,240545,20097685,NHDFlowline,20.031300000000002,9/20/2006 0:00
281,1,607,1,495,0,607,33254,274475,S2006IN159001,9/20/2006,40.403610200000003,-86.1532211,US,United States,IN,Indiana,IN159,Tipton,111A,"Indiana and Ohio Till Plain, Central Part",IN159,"Tipton County, Indiana",,,,,Wapahani,Wapahani,series,191840,202605,06N04732,4824,33254,33404,6,horizon,06IN-159-001-6,,,92,203,Cd,Cd,,C,,,,,0,Loam,3840,06N04732,202605,HM,42261,82778,23101,17563,26404,544,7654,351,276447,166,2360,95,21,20097685,3/9/2009 0:00,Medium,445755,West Fork Little Wildcat Creek,9.586000000000000,05120107000135,With Digitized,0,StreamRiver,46006,0.098205914,TRUE,0,,,100.000000000000000,126000,,,,,162160,240545,20097685,NHDFlowline,20.031300000000002,9/20/2006 0:00
282,0,675,1,496,0,675,34436,784521,S2007IN135001,9/29/2007,40.252861000000003,-85.1515121,US,United States,IN,Indiana,IN135,Randolph,111B,"Indiana and Ohio Till Plain, Northeastern Part",IN135,"Randolph County, Indiana",,,,,Blount,Blount,series,198435,209840,08N01501,5011,34436,34650,1,horizon,S07IN135-001-1,,,0,8,A,A,,A,,,,,0,Silt loam,4458,08N01501,209840,HM,47188,6580,21020,17126,4400,530,7233,567,331597,120,4493,181,41,,,,,,,,,,,,,,,,,,,,,,,161286,236877,18503983,NHDFlowline,14.516999999999999,9/29/2007 0:00
283,0,676,1,497,0,676,34436,784521,S2007IN135001,9/29/2007,40.252861000000003,-85.1515121,US,United States,IN,Indiana,IN135,Randolph,111B,"Indiana and Ohio Till Plain, Northeastern Part",IN135,"Randolph County, Indiana",,,,,Blount,Blount,series,198436,209841,08N01502,5011,34436,34650,2,horizon,S07IN135-001-2,,,8,18,E1,E1,,E,,1,,,0,Silt loam,4459,08N01502,209841,HM,48365,5750,21400,17669,4269,456,7682,432,340152,125,4634,177,41,,,,,,,,,,,,,,,,,,,,,,,161286,236877,18503983,NHDFlowline,14.516999999999999,9/29/2007 0:00
284,0,677,1,498,0,677,34436,784521,S2007IN135001,9/29/2007,40.252861000000003,-85.1515121,US,United States,IN,Indiana,IN135,Randolph,111B,"Indiana and Ohio Till Plain, Northeastern Part",IN135,"Randolph County, Indiana",,,,,Blount,Blount,series,198437,209842,08N01503,5011,34436,34650,3,horizon,S07IN135-001-3,,,18,34,E2,E2,,E,,2,,,0,Silt loam,4460,08N01503,209842,HM,48676,4554,23640,17550,4279,506,7518,274,348736,115,4627,183,41,,,,,,,,,,,,,,,,,,,,,,,161286,236877,18503983,NHDFlowline,14.516999999999999,9/29/2007 0:00
285,0,678,1,499,0,678,34436,784521,S2007IN135001,9/29/2007,40.252861000000003,-85.1515121,US,United States,IN,Indiana,IN135,Randolph,111B,"Indiana and Ohio Till Plain, Northeastern Part",IN135,"Randolph County, Indiana",,,,,Blount,Blount,series,198438,209843,08N01504,5011,34436,34650,4,horizon,S07IN135-001-4,,,34,42,2Bt1,2Bt1,2,B,,1,,,0,Clay loam,4461,08N01504,209843,HM,61780,4860,35997,19369,6460,809,6755,262,334335,111,4450,174,41,,,,,,,,,,,,,,,,,,,,,,,161286,236877,18503983,NHDFlowline,14.516999999999999,9/29/2007 0:00
286,0,679,1,500,0,679,34436,784521,S2007IN135001,9/29/2007,40.252861000000003,-85.1515121,US,United States,IN,Indiana,IN135,Randolph,111B,"Indiana and Ohio Till Plain, Northeastern Part",IN135,"Randolph County, Indiana",,,,,Blount,Blount,series,198439,209844,08N01505,5011,34436,34650,5,horizon,S07IN135-001-5,,,42,53,2Bt2,2Bt2,2,B,,2,,,0,Clay loam,4462,08N01505,209844,HM,68756,5887,42407,21030,8305,720,6126,338,307289,111,4120,149,41,,,,,,,,,,,,,,,,,,,,,,,161286,236877,18503983,NHDFlowline,14.516999999999999,9/29/2007 0:00
287,0,680,1,501,0,680,34436,784521,S2007IN135001,9/29/2007,40.252861000000003,-85.1515121,US,United States,IN,Indiana,IN135,Randolph,111B,"Indiana and Ohio Till Plain, Northeastern Part",IN135,"Randolph County, Indiana",,,,,Blount,Blount,series,198440,209845,08N01506,5011,34436,34650,6,horizon,S07IN135-001-6,,,53,57,3Bt,3Bt,3,B,,,,,0,Gravelly Clay loam,4463,08N01506,209845,HM,61865,36816,38419,20343,24180,591,5652,460,261081,122,3465,132,41,,,,,,,,,,,,,,,,,,,,,,,161286,236877,18503983,NHDFlowline,14.516999999999999,9/29/2007 0:00
288,0,681,1,502,0,681,34436,784521,S2007IN135001,9/29/2007,40.252861000000003,-85.1515121,US,United States,IN,Indiana,IN135,Randolph,111B,"Indiana and Ohio Till Plain, Northeastern Part",IN135,"Randolph County, Indiana",,,,,Blount,Blount,series,198441,209846,08N01507,5011,34436,34650,7,horizon,S07IN135-001-7,,,57,80,4BCt,4BCt,4,BC,,,,,0,Loam,4464,08N01507,209846,HM,44794,94699,27134,16495,35155,454,5006,371,213792,150,2587,86,41,,,,,,,,,,,,,,,,,,,,,,,161286,236877,18503983,NHDFlowline,14.516999999999999,9/29/2007 0:00
289,0,682,1,503,0,682,34436,784521,S2007IN135001,9/29/2007,40.252861000000003,-85.1515121,US,United States,IN,Indiana,IN135,Randolph,111B,"Indiana and Ohio Till Plain, Northeastern Part",IN135,"Randolph County, Indiana",,,,,Blount,Blount,series,198442,209847,08N01508,5011,34436,34650,8,horizon,S07IN135-001-8,,,80,100,4C,4C,4,C,,,,,0,Loam,4465,08N01508,209847,HM,47219,108171,28621,17811,37358,465,5030,389,217713,169,2722,91,41,,,,,,,,,,,,,,,,,,,,,,,161286,236877,18503983,NHDFlowline,14.516999999999999,9/29/2007 0:00
290,1,683,1,504,1,683,34438,297071,S2007IN135003,9/28/2007,40.250385299999998,-85.1510925,US,United States,IN,Indiana,IN135,Randolph,111B,"Indiana and Ohio Till Plain, Northeastern Part",IN135,"Randolph County, Indiana",,,,,Glynwood,Glynwood,series,198451,209856,08N01517,5011,34438,34652,17,horizon,S07IN135-003-1,,,0,8,A,A,,A,,,,,0,Silt loam,4474,08N01517,209856,HM,50424,8051,23054,18394,5198,357,6594,607,315291,133,4610,151,90,18503983,8/1/1999 0:00,Medium,434085,Elkhorn Creek,5.044000000000000,05120103000131,With Digitized,0,StreamRiver,46006,0.050155622,TRUE,0,,,100.000000000000000,122540,PFO1A,,Freshwater Forested/Shrub Wetland,6.312070084494379,161313,236877,18503983,NHDFlowline,14.516999999999999,9/28/2007 0:00
291,1,684,1,505,1,684,34438,297071,S2007IN135003,9/28/2007,40.250385299999998,-85.1510925,US,United States,IN,Indiana,IN135,Randolph,111B,"Indiana and Ohio Till Plain, Northeastern Part",IN135,"Randolph County, Indiana",,,,,Glynwood,Glynwood,series,198452,209857,08N01518,5011,34438,34652,18,horizon,S07IN135-003-2,,,8,15,,,,,,,,,0,Silt loam,4475,08N01518,209857,HM,52068,6854,23672,19141,5097,339,6941,538,332212,135,4853,167,90,18503983,8/1/1999 0:00,Medium,434085,Elkhorn Creek,5.044000000000000,05120103000131,With Digitized,0,StreamRiver,46006,0.050155622,TRUE,0,,,100.000000000000000,122540,PFO1A,,Freshwater Forested/Shrub Wetland,6.312070084494379,161313,236877,18503983,NHDFlowline,14.516999999999999,9/28/2007 0:00
292,1,685,1,506,1,685,34438,297071,S2007IN135003,9/28/2007,40.250385299999998,-85.1510925,US,United States,IN,Indiana,IN135,Randolph,111B,"Indiana and Ohio Till Plain, Northeastern Part",IN135,"Randolph County, Indiana",,,,,Glynwood,Glynwood,series,198453,209858,08N01519,5011,34438,34652,19,horizon,S07IN135-003-3,,,15,32,BE,BE,,BE,,,,,0,Silty clay loam,4476,08N01519,209858,HM,56162,5053,27393,19675,5583,358,6698,339,323283,125,4788,164,90,18503983,8/1/1999 0:00,Medium,434085,Elkhorn Creek,5.044000000000000,05120103000131,With Digitized,0,StreamRiver,46006,0.050155622,TRUE,0,,,100.000000000000000,122540,PFO1A,,Freshwater Forested/Shrub Wetland,6.312070084494379,161313,236877,18503983,NHDFlowline,14.516999999999999,9/28/2007 0:00
293,1,686,1,507,1,686,34438,297071,S2007IN135003,9/28/2007,40.250385299999998,-85.1510925,US,United States,IN,Indiana,IN135,Randolph,111B,"Indiana and Ohio Till Plain, Northeastern Part",IN135,"Randolph County, Indiana",,,,,Glynwood,Glynwood,series,198454,209859,08N01520,5011,34438,34652,20,horizon,S07IN135-003-4,,,32,45,Bt,Bt,,B,,,,,0,Clay,4477,08N01520,209859,HM,68190,5595,38136,21498,7850,646,5423,335,292942,114,4386,136,90,18503983,8/1/1999 0:00,Medium,434085,Elkhorn Creek,5.044000000000000,05120103000131,With Digitized,0,StreamRiver,46006,0.050155622,TRUE,0,,,100.000000000000000,122540,PFO1A,,Freshwater Forested/Shrub Wetland,6.312070084494379,161313,236877,18503983,NHDFlowline,14.516999999999999,9/28/2007 0:00
294,1,687,1,508,1,687,34438,297071,S2007IN135003,9/28/2007,40.250385299999998,-85.1510925,US,United States,IN,Indiana,IN135,Randolph,111B,"Indiana and Ohio Till Plain, Northeastern Part",IN135,"Randolph County, Indiana",,,,,Glynwood,Glynwood,series,198455,209860,08N01521,5011,34438,34652,21,horizon,S07IN135-003-5,,,45,68,BCt,BCt,,BC,,,,,0,Silty clay loam,4478,08N01521,209860,HM,65341,52501,34795,21896,26402,508,4769,436,247541,138,3569,108,90,18503983,8/1/1999 0:00,Medium,434085,Elkhorn Creek,5.044000000000000,05120103000131,With Digitized,0,StreamRiver,46006,0.050155622,TRUE,0,,,100.000000000000000,122540,PFO1A,,Freshwater Forested/Shrub Wetland,6.312070084494379,161313,236877,18503983,NHDFlowline,14.516999999999999,9/28/2007 0:00
295,1,688,1,509,1,688,34438,297071,S2007IN135003,9/28/2007,40.250385299999998,-85.1510925,US,United States,IN,Indiana,IN135,Randolph,111B,"Indiana and Ohio Till Plain, Northeastern Part",IN135,"Randolph County, Indiana",,,,,Glynwood,Glynwood,series,198456,209861,08N01522,5011,34438,34652,22,horizon,S07IN135-003-6,,,68,93,2Cd1,2Cd1,2,C,,1,,,0,Clay loam,4479,08N01522,209861,HM,52540,104828,27202,18768,30664,391,4313,371,194357,189,2770,80,90,18503983,8/1/1999 0:00,Medium,434085,Elkhorn Creek,5.044000000000000,05120103000131,With Digitized,0,StreamRiver,46006,0.050155622,TRUE,0,,,100.000000000000000,122540,PFO1A,,Freshwater Forested/Shrub Wetland,6.312070084494379,161313,236877,18503983,NHDFlowline,14.516999999999999,9/28/2007 0:00
296,1,689,1,510,1,689,34438,297071,S2007IN135003,9/28/2007,40.250385299999998,-85.1510925,US,United States,IN,Indiana,IN135,Randolph,111B,"Indiana and Ohio Till Plain, Northeastern Part",IN135,"Randolph County, Indiana",,,,,Glynwood,Glynwood,series,198457,209862,08N01523,5011,34438,34652,23,horizon,S07IN135-003-7,,,93,120,2Cd2,2Cd2,2,C,,2,,,0,Clay loam,4480,08N01523,209862,HM,52419,108443,27258,19633,32752,407,4542,385,183246,215,2808,87,90,18503983,8/1/1999 0:00,Medium,434085,Elkhorn Creek,5.044000000000000,05120103000131,With Digitized,0,StreamRiver,46006,0.050155622,TRUE,0,,,100.000000000000000,122540,PFO1A,,Freshwater Forested/Shrub Wetland,6.312070084494379,161313,236877,18503983,NHDFlowline,14.516999999999999,9/28/2007 0:00
297,0,700,1,511,0,700,34437,297070,S2007IN135002,9/27/2007,40.252395600000000,-85.1538239,US,United States,IN,Indiana,IN135,Randolph,111B,"Indiana and Ohio Till Plain, Northeastern Part",IN135,"Randolph County, Indiana",,,,,Pewamo,Pewamo,series,198443,209848,08N01509,5011,34437,34651,9,horizon,S07IN135-002-1,,,0,16,,,,,,,,,0,Silt loam,4466,08N01509,209848,HM,60067,9580,31318,20466,7032,804,7050,1124,306280,122,3969,144,41,,,,,,,,,,,,,,,,,,,,,,,161311,236877,18503983,NHDFlowline,14.516999999999999,9/27/2007 0:00
298,0,701,1,512,0,701,34437,297070,S2007IN135002,9/27/2007,40.252395600000000,-85.1538239,US,United States,IN,Indiana,IN135,Randolph,111B,"Indiana and Ohio Till Plain, Northeastern Part",IN135,"Randolph County, Indiana",,,,,Pewamo,Pewamo,series,198444,209849,08N01510,5011,34437,34651,10,horizon,S07IN135-002-2,,,16,33,,,,,,,,,0,Silt loam,4467,08N01510,209849,HM,60169,8665,32014,20486,6945,787,7533,918,315382,127,3912,147,41,,,,,,,,,,,,,,,,,,,,,,,161311,236877,18503983,NHDFlowline,14.516999999999999,9/27/2007 0:00
299,0,702,1,513,0,702,34437,297070,S2007IN135002,9/27/2007,40.252395600000000,-85.1538239,US,United States,IN,Indiana,IN135,Randolph,111B,"Indiana and Ohio Till Plain, Northeastern Part",IN135,"Randolph County, Indiana",,,,,Pewamo,Pewamo,series,198445,209850,08N01511,5011,34437,34651,11,horizon,S07IN135-002-3,,,33,56,,,,,,,,,0,Silty clay loam,4468,08N01511,209850,HM,62399,8954,32990,21166,7178,816,7693,939,324327,132,4001,142,41,,,,,,,,,,,,,,,,,,,,,,,161311,236877,18503983,NHDFlowline,14.516999999999999,9/27/2007 0:00
300,0,703,1,514,0,703,34437,297070,S2007IN135002,9/27/2007,40.252395600000000,-85.1538239,US,United States,IN,Indiana,IN135,Randolph,111B,"Indiana and Ohio Till Plain, Northeastern Part",IN135,"Randolph County, Indiana",,,,,Pewamo,Pewamo,series,198446,209851,08N01512,5011,34437,34651,12,horizon,S07IN135-002-4,,,56,69,,,,,,,,,0,Silty clay loam,4469,08N01512,209851,HM,67485,7151,36937,20257,7772,837,7073,484,312418,127,4025,142,41,,,,,,,,,,,,,,,,,,,,,,,161311,236877,18503983,NHDFlowline,14.516999999999999,9/27/2007 0:00
301,0,704,1,515,0,704,34437,297070,S2007IN135002,9/27/2007,40.252395600000000,-85.1538239,US,United States,IN,Indiana,IN135,Randolph,111B,"Indiana and Ohio Till Plain, Northeastern Part",IN135,"Randolph County, Indiana",,,,,Pewamo,Pewamo,series,198447,209852,08N01513,5011,34437,34651,13,horizon,S07IN135-002-5,,,69,101,,,,,,,,,0,Silty clay loam,4470,08N01513,209852,HM,70413,7138,37772,21217,8195,651,7158,483,320099,129,4190,152,41,,,,,,,,,,,,,,,,,,,,,,,161311,236877,18503983,NHDFlowline,14.516999999999999,9/27/2007 0:00
302,0,705,1,516,0,705,34437,297070,S2007IN135002,9/27/2007,40.252395600000000,-85.1538239,US,United States,IN,Indiana,IN135,Randolph,111B,"Indiana and Ohio Till Plain, Northeastern Part",IN135,"Randolph County, Indiana",,,,,Pewamo,Pewamo,series,198448,209853,08N01514,5011,34437,34651,14,horizon,S07IN135-002-6,,,101,142,,,,,,,,,0,Silty clay loam,4471,08N01514,209853,HM,59073,6606,39940,20963,6893,996,7494,516,304479,122,3984,140,41,,,,,,,,,,,,,,,,,,,,,,,161311,236877,18503983,NHDFlowline,14.516999999999999,9/27/2007 0:00
303,0,706,1,517,0,706,34437,297070,S2007IN135002,9/27/2007,40.252395600000000,-85.1538239,US,United States,IN,Indiana,IN135,Randolph,111B,"Indiana and Ohio Till Plain, Northeastern Part",IN135,"Randolph County, Indiana",,,,,Pewamo,Pewamo,series,198449,209854,08N01515,5011,34437,34651,15,horizon,S07IN135-002-7,,,142,165,,,,,,,,,0,Silty clay loam,4472,08N01515,209854,HM,54734,38682,32767,20559,21644,541,6829,545,257734,136,3291,114,41,,,,,,,,,,,,,,,,,,,,,,,161311,236877,18503983,NHDFlowline,14.516999999999999,9/27/2007 0:00
304,0,707,1,518,0,707,34437,297070,S2007IN135002,9/27/2007,40.252395600000000,-85.1538239,US,United States,IN,Indiana,IN135,Randolph,111B,"Indiana and Ohio Till Plain, Northeastern Part",IN135,"Randolph County, Indiana",,,,,Pewamo,Pewamo,series,198450,209855,08N01516,5011,34437,34651,16,horizon,S07IN135-002-8,,,165,203,,,,,,,,,0,Clay loam,4473,08N01516,209855,HM,50624,81686,27588,19174,32334,450,4809,401,201278,140,2810,82,41,,,,,,,,,,,,,,,,,,,,,,,161311,236877,18503983,NHDFlowline,14.516999999999999,9/27/2007 0:00
305,0,839,1,519,0,839,33417,249592,S2006IN037003,7/24/2006,38.460445399999998,-86.6997223,US,United States,IN,Indiana,IN037,Dubois,,,IN037,"Dubois County, Indiana",,,,,Gilpin,Gilpin,taxadjunct,192689,203454,06N04813,4842,33417,33567,14,horizon,S06IN037-003-1,,,0,12,Ap,Ap,,A,,,,,0,Silt loam,3913,06N04813,203454,HM,51338,3625,32525,14898,3629,488,4977,521,346972,73,4873,260,81,,,,,,,,,,,,,,,,,,,,,,,535659,255900,18439098,NHDFlowline,8.184600000000000,7/24/2006 0:00
306,0,840,1,520,0,840,33417,249592,S2006IN037003,7/24/2006,38.460445399999998,-86.6997223,US,United States,IN,Indiana,IN037,Dubois,,,IN037,"Dubois County, Indiana",,,,,Gilpin,Gilpin,taxadjunct,192690,203455,06N04814,4842,33417,33567,15,horizon,S06IN037-003-2,,,12,28,Bt1,Bt1,,B,,1,,,0,Silty clay loam,3914,06N04814,203455,HM,59116,3613,37059,15224,4480,440,5197,265,357697,78,4810,209,81,,,,,,,,,,,,,,,,,,,,,,,535659,255900,18439098,NHDFlowline,8.184600000000000,7/24/2006 0:00
307,0,841,1,521,0,841,33417,249592,S2006IN037003,7/24/2006,38.460445399999998,-86.6997223,US,United States,IN,Indiana,IN037,Dubois,,,IN037,"Dubois County, Indiana",,,,,Gilpin,Gilpin,taxadjunct,192691,203456,06N04815,4842,33417,33567,16,horizon,S06IN037-003-3,,,28,43,Bt2,Bt2,,B,,2,,,0,Silty clay loam,3915,06N04815,203456,HM,62678,2296,47278,13920,4474,497,4210,234,358861,72,4798,201,81,,,,,,,,,,,,,,,,,,,,,,,535659,255900,18439098,NHDFlowline,8.184600000000000,7/24/2006 0:00
308,0,842,1,522,0,842,33417,249592,S2006IN037003,7/24/2006,38.460445399999998,-86.6997223,US,United States,IN,Indiana,IN037,Dubois,,,IN037,"Dubois County, Indiana",,,,,Gilpin,Gilpin,taxadjunct,192692,203457,06N04816,4842,33417,33567,17,horizon,S06IN037-003-4,,,43,82,2Bt3,2Bt3,2,B,,3,,,0,Clay,3916,06N04816,203457,HM,76731,1278,44039,8737,4566,131,631,93,311320,48,3536,122,81,,,,,,,,,,,,,,,,,,,,,,,535659,255900,18439098,NHDFlowline,8.184600000000000,7/24/2006 0:00
309,0,843,1,523,0,843,33417,249592,S2006IN037003,7/24/2006,38.460445399999998,-86.6997223,US,United States,IN,Indiana,IN037,Dubois,,,IN037,"Dubois County, Indiana",,,,,Gilpin,Gilpin,taxadjunct,192693,203458,06N04817,4842,33417,33567,18,horizon,S06IN037-003-5,,,82,110,2Bt4,2Bt4,2,B,,4,,,0,Clay loam,3917,06N04817,203458,HM,65087,1309,45898,7935,3943,180,510,108,353356,45,3216,131,81,,,,,,,,,,,,,,,,,,,,,,,535659,255900,18439098,NHDFlowline,8.184600000000000,7/24/2006 0:00
310,0,844,1,524,0,844,33417,249592,S2006IN037003,7/24/2006,38.460445399999998,-86.6997223,US,United States,IN,Indiana,IN037,Dubois,,,IN037,"Dubois County, Indiana",,,,,Gilpin,Gilpin,taxadjunct,192694,203459,06N04818,4842,33417,33567,19,horizon,S06IN037-003-6,,,110,140,2Bt5,2Bt5,2,B,,5,,,0,Flaggy Clay loam,3918,06N04818,203459,HM,65239,1459,42865,8880,3812,131,602,101,348491,45,3504,143,81,,,,,,,,,,,,,,,,,,,,,,,535659,255900,18439098,NHDFlowline,8.184600000000000,7/24/2006 0:00
311,0,845,1,525,0,845,33417,249592,S2006IN037003,7/24/2006,38.460445399999998,-86.6997223,US,United States,IN,Indiana,IN037,Dubois,,,IN037,"Dubois County, Indiana",,,,,Gilpin,Gilpin,taxadjunct,192695,203460,06N04819,4842,33417,33567,20,horizon,S06IN037-003-7,,,140,172,C,C,,C,,,,,0,Clay,3919,06N04819,203460,HM,81180,1786,18349,13501,4475,77,575,24,348495,28,5646,225,81,,,,,,,,,,,,,,,,,,,,,,,535659,255900,18439098,NHDFlowline,8.184600000000000,7/24/2006 0:00
312,0,403,1,674,0,403,28763,309266,S2002IL145001,3/13/2002,37.979084000000000,-89.2202759,US,United States,IL,Illinois,IL145,Perry,,,IL145,"Perry County, Illinois",,,,,Tamalco,Tamalco,series,172672,178487,02N00497,4077,28763,28836,3,horizon,S02IL-145-001-3,,,54,82,Btgn,Btgn,,B,,,,,0,Silty clay loam,1196,02N00497,178487,HM,59315,5241,31342,16048,6356,1061,10680,408,311191,135,4156,176,81,,,,,,,,,,,,,,,,,,,,,,,1405921,1161594,13785424,NHDFlowline,5.985900000000000,3/13/2002 0:00
313,0,404,1,675,0,404,28763,309266,S2002IL145001,3/13/2002,37.979084000000000,-89.2202759,US,United States,IL,Illinois,IL145,Perry,,,IL145,"Perry County, Illinois",,,,,Tamalco,Tamalco,series,172673,178488,02N00498,4077,28763,28836,4,horizon,S02IL-145-001-4,,,82,100,Btgn,Btgn,,B,,,,,0,Silt loam,1197,02N00498,178488,HM,55448,6512,27508,16600,6159,833,11519,476,345625,145,4347,205,81,,,,,,,,,,,,,,,,,,,,,,,1405921,1161594,13785424,NHDFlowline,5.985900000000000,3/13/2002 0:00
314,0,405,1,676,0,405,28763,309266,S2002IL145001,3/13/2002,37.979084000000000,-89.2202759,US,United States,IL,Illinois,IL145,Perry,,,IL145,"Perry County, Illinois",,,,,Tamalco,Tamalco,series,172677,178492,02N00495,4077,28763,28836,1,horizon,S02IL-145-001-1,,,0,25,Ap,Ap,,A,,,,,0,Silt loam,1195,02N00495,178492,HM,39663,5054,21214,10893,2590,1380,7263,741,367000,81,4244,246,81,,,,,,,,,,,,,,,,,,,,,,,1405921,1161594,13785424,NHDFlowline,5.985900000000000,3/13/2002 0:00
315,0,415,1,677,0,415,28768,309841,S2002IL145006,3/13/2002,37.977554300000001,-89.2202759,US,United States,IL,Illinois,IL145,Perry,,,IL145,"Perry County, Illinois",,,,,Cisne,Cisne,series,172710,178525,02N00535,4077,28768,28841,41,reporting layer,S02IL-145-006-1,,,0,21,,,,,,,,,0,Silt loam,1213,02N00535,178525,HM,36199,3320,16280,10907,1748,1476,7372,478,371199,74,4256,259,81,,,,,,,,,,,,,,,,,,,,,,,1600600,1161594,13785424,NHDFlowline,5.985900000000000,3/13/2002 0:00
316,0,416,1,678,0,416,28768,309841,S2002IL145006,3/13/2002,37.977554300000001,-89.2202759,US,United States,IL,Illinois,IL145,Perry,,,IL145,"Perry County, Illinois",,,,,Cisne,Cisne,series,172711,178526,02N00536,4077,28768,28841,42,reporting layer,S02IL-145-006-2,,,21,45,,,,,,,,,0,Silt loam,1214,02N00536,178526,HM,54432,3012,26240,12660,3470,552,7537,410,361076,80,4544,197,81,,,,,,,,,,,,,,,,,,,,,,,1600600,1161594,13785424,NHDFlowline,5.985900000000000,3/13/2002 0:00
317,0,417,1,679,0,417,28768,309841,S2002IL145006,3/13/2002,37.977554300000001,-89.2202759,US,United States,IL,Illinois,IL145,Perry,,,IL145,"Perry County, Illinois",,,,,Cisne,Cisne,series,172712,178527,02N00537,4077,28768,28841,43,reporting layer,S02IL-145-006-3,,,45,74,,,,,,,,,0,Silty clay loam,1215,02N00537,178527,HM,56438,3253,29113,12504,3993,543,7694,501,270753,77,4555,224,81,,,,,,,,,,,,,,,,,,,,,,,1600600,1161594,13785424,NHDFlowline,5.985900000000000,3/13/2002 0:00
318,0,418,1,680,0,418,28768,309841,S2002IL145006,3/13/2002,37.977554300000001,-89.2202759,US,United States,IL,Illinois,IL145,Perry,,,IL145,"Perry County, Illinois",,,,,Cisne,Cisne,series,172713,178528,02N00538,4077,28768,28841,44,reporting layer,S02IL-145-006-4,,,74,89,,,,,,,,,0,Silty clay loam,1216,02N00538,178528,HM,55924,4097,29030,15482,4371,673,9077,536,354661,109,4325,210,81,,,,,,,,,,,,,,,,,,,,,,,1600600,1161594,13785424,NHDFlowline,5.985900000000000,3/13/2002 0:00
319,0,426,1,681,0,426,28767,309775,S2002IL145005,3/13/2002,37.977806100000002,-89.2204971,US,United States,IL,Illinois,IL145,Perry,,,IL145,"Perry County, Illinois",,,,,Coulterville,Coulterville,series,172702,178517,02N00527,4077,28767,28840,33,horizon,S02IL-145-005-1,,,0,21,Ap,Ap,,A,,,,,0,Silt loam,1209,02N00527,178517,HM,40881,3513,23051,11281,2316,1355,7400,382,378671,75,4360,209,81,,,,,,,,,,,,,,,,,,,,,,,1600600,1161594,13785424,NHDFlowline,5.985900000000000,3/13/2002 0:00
320,0,427,1,682,0,427,28767,309775,S2002IL145005,3/13/2002,37.977806100000002,-89.2204971,US,United States,IL,Illinois,IL145,Perry,,,IL145,"Perry County, Illinois",,,,,Coulterville,Coulterville,series,172703,178518,02N00528,4077,28767,28840,34,horizon,S02IL-145-005-2,,,21,35,E,E,,E,,,,,0,Silt loam,1210,02N00528,178518,HM,65393,3233,35538,12029,5111,942,7041,337,343996,74,4365,159,81,,,,,,,,,,,,,,,,,,,,,,,1600600,1161594,13785424,NHDFlowline,5.985900000000000,3/13/2002 0:00
321,0,428,1,683,0,428,28767,309775,S2002IL145005,3/13/2002,37.977806100000002,-89.2204971,US,United States,IL,Illinois,IL145,Perry,,,IL145,"Perry County, Illinois",,,,,Coulterville,Coulterville,series,172704,178519,02N00529,4077,28767,28840,35,horizon,S02IL-145-005-3,,,35,59,Bt,Bt,,B,,,,,0,Silty clay loam,1211,02N00529,178519,HM,60521,4045,28309,14811,5040,783,9525,306,351656,110,4257,157,81,,,,,,,,,,,,,,,,,,,,,,,1600600,1161594,13785424,NHDFlowline,5.985900000000000,3/13/2002 0:00
322,0,429,1,684,0,429,28767,309775,S2002IL145005,3/13/2002,37.977806100000002,-89.2204971,US,United States,IL,Illinois,IL145,Perry,,,IL145,"Perry County, Illinois",,,,,Coulterville,Coulterville,series,172705,178520,02N00530,4077,28767,28840,36,horizon,S02IL-145-005-4,,,59,94,Btgn,Btgn,,B,,,,,0,Silty clay loam,1212,02N00530,178520,HM,61747,5803,26066,16767,5611,886,10788,450,369020,136,4473,173,81,,,,,,,,,,,,,,,,,,,,,,,1600600,1161594,13785424,NHDFlowline,5.985900000000000,3/13/2002 0:00
323,0,430,1,685,0,430,28766,309749,S2002IL145004,3/13/2002,37.977554300000001,-89.2204971,US,United States,IL,Illinois,IL145,Perry,,,IL145,"Perry County, Illinois",,,,,Darmstadt,Darmstadt,series,172694,178509,02N00519,4077,28766,28839,25,horizon,S02IL-145-004-1,,,0,23,Ap,Ap,,A,,,,,0,Silt loam,1205,02N00519,178509,HM,36679,3035,23939,9606,2153,1414,6928,538,352726,67,3837,160,81,,,,,,,,,,,,,,,,,,,,,,,1600600,1161594,13785424,NHDFlowline,5.985900000000000,3/13/2002 0:00
324,0,431,1,686,0,431,28766,309749,S2002IL145004,3/13/2002,37.977554300000001,-89.2204971,US,United States,IL,Illinois,IL145,Perry,,,IL145,"Perry County, Illinois",,,,,Darmstadt,Darmstadt,series,172695,178510,02N00520,4077,28766,28839,26,horizon,S02IL-145-004-2,,,23,47,Bt,Bt,,B,,,,,0,Silty clay loam,1206,02N00520,178510,HM,60199,3688,29929,12316,4745,552,7891,311,333523,87,4025,149,81,,,,,,,,,,,,,,,,,,,,,,,1600600,1161594,13785424,NHDFlowline,5.985900000000000,3/13/2002 0:00
325,0,432,1,687,0,432,28766,309749,S2002IL145004,3/13/2002,37.977554300000001,-89.2204971,US,United States,IL,Illinois,IL145,Perry,,,IL145,"Perry County, Illinois",,,,,Darmstadt,Darmstadt,series,172696,178511,02N00521,4077,28766,28839,27,horizon,S02IL-145-004-3,,,47,73,Btg,Btg,,B,,,,,0,Silty clay loam,1207,02N00521,178511,HM,55625,5520,20645,15150,5057,548,10275,401,340395,128,4138,171,81,,,,,,,,,,,,,,,,,,,,,,,1600600,1161594,13785424,NHDFlowline,5.985900000000000,3/13/2002 0:00
326,0,433,1,688,0,433,28766,309749,S2002IL145004,3/13/2002,37.977554300000001,-89.2204971,US,United States,IL,Illinois,IL145,Perry,,,IL145,"Perry County, Illinois",,,,,Darmstadt,Darmstadt,series,172697,178512,02N00522,4077,28766,28839,28,horizon,S02IL-145-004-4,,,73,120,Btgn,Btgn,,B,,,,,0,Silt loam,1208,02N00522,178512,HM,56096,6488,20777,16148,5598,476,11229,555,345836,143,4372,198,81,,,,,,,,,,,,,,,,,,,,,,,1600600,1161594,13785424,NHDFlowline,5.985900000000000,3/13/2002 0:00
327,0,434,1,689,0,434,28764,309435,S2002IL145002,3/13/2002,37.978973400000001,-89.2206116,US,United States,IL,Illinois,IL145,Perry,,,IL145,"Perry County, Illinois",,,,,Coulterville,Coulterville,series,172678,178493,02N00503,4077,28764,28837,9,horizon,S02IL-145-002-1,,,0,19,Ap,Ap,,A,,,,,0,Silt loam,1198,02N00503,178493,HM,38067,4193,16144,11110,1983,988,7357,618,368959,80,4254,233,81,,,,,,,,,,,,,,,,,,,,,,,1405921,1161594,13785424,NHDFlowline,5.985900000000000,3/13/2002 0:00
328,0,435,1,690,0,435,28764,309435,S2002IL145002,3/13/2002,37.978973400000001,-89.2206116,US,United States,IL,Illinois,IL145,Perry,,,IL145,"Perry County, Illinois",,,,,Coulterville,Coulterville,series,172679,178494,02N00504,4077,28764,28837,10,horizon,S02IL-145-002-2,,,19,34,E,E,,E,,,,,0,Silt loam,1199,02N00504,178494,HM,58646,3381,28786,11628,4366,389,7086,414,345290,78,4304,167,81,,,,,,,,,,,,,,,,,,,,,,,1405921,1161594,13785424,NHDFlowline,5.985900000000000,3/13/2002 0:00
329,0,436,1,691,0,436,28764,309435,S2002IL145002,3/13/2002,37.978973400000001,-89.2206116,US,United States,IL,Illinois,IL145,Perry,,,IL145,"Perry County, Illinois",,,,,Coulterville,Coulterville,series,172680,178495,02N00505,4077,28764,28837,11,horizon,S02IL-145-002-3,,,34,54,Bt1,Bt1,,B,,1,,,0,Silty clay loam,1200,02N00505,178495,HM,62005,4553,32848,15303,5435,809,8775,396,355756,111,4373,183,81,,,,,,,,,,,,,,,,,,,,,,,1405921,1161594,13785424,NHDFlowline,5.985900000000000,3/13/2002 0:00
330,0,438,1,692,0,438,28765,309565,S2002IL145003,3/13/2002,37.979442599999999,-89.2205276,US,United States,IL,Illinois,IL145,Perry,,,IL145,"Perry County, Illinois",,,,,Cisne,Cisne,series,172686,178501,02N00511,4077,28765,28838,17,reporting layer,S02IL-145-003-1,,,0,27,,,,,,,,,0,Silt loam,1201,02N00511,178501,HM,38374,4655,16633,11771,2079,1542,7487,647,389296,83,4114,169,81,,,,,,,,,,,,,,,,,,,,,,,1405921,1159667,13785280,NHDFlowline,13.239900000000000,3/13/2002 0:00
331,0,439,1,693,0,439,28765,309565,S2002IL145003,3/13/2002,37.979442599999999,-89.2205276,US,United States,IL,Illinois,IL145,Perry,,,IL145,"Perry County, Illinois",,,,,Cisne,Cisne,series,172687,178502,02N00512,4077,28765,28838,18,reporting layer,S02IL-145-003-2,,,27,53,,,,,,,,,0,Silt loam,1202,02N00512,178502,HM,43935,3694,23782,11948,2642,1347,7122,435,355793,76,4204,180,81,,,,,,,,,,,,,,,,,,,,,,,1405921,1159667,13785280,NHDFlowline,13.239900000000000,3/13/2002 0:00
332,0,440,1,694,0,440,28765,309565,S2002IL145003,3/13/2002,37.979442599999999,-89.2205276,US,United States,IL,Illinois,IL145,Perry,,,IL145,"Perry County, Illinois",,,,,Cisne,Cisne,series,172688,178503,02N00513,4077,28765,28838,19,reporting layer,S02IL-145-003-3,,,53,73,,,,,,,,,0,Silty clay loam,1203,02N00513,178503,HM,63289,3340,34574,12685,4687,1095,6860,443,341978,81,4404,176,81,,,,,,,,,,,,,,,,,,,,,,,1405921,1159667,13785280,NHDFlowline,13.239900000000000,3/13/2002 0:00
333,0,441,1,695,0,441,28765,309565,S2002IL145003,3/13/2002,37.979442599999999,-89.2205276,US,United States,IL,Illinois,IL145,Perry,,,IL145,"Perry County, Illinois",,,,,Cisne,Cisne,series,172689,178504,02N00514,4077,28765,28838,20,reporting layer,S02IL-145-003-4,,,73,91,,,,,,,,,0,Silty clay loam,1204,02N00514,178504,HM,58937,3728,32642,13814,4812,960,7482,489,339013,95,4062,151,81,,,,,,,,,,,,,,,,,,,,,,,1405921,1159667,13785280,NHDFlowline,13.239900000000000,3/13/2002 0:00
334,0,460,1,696,0,460,33310,178557,Morgan Site 10,5/16/2005,37.359443700000000,-89.1061096,US,United States,IL,Illinois,IL181,Union,120,Kentucky and Indiana Sandstone and Shale Hills and Valleys,IL181,"Union County, Illinois",,,,,Winfield (477),Winfield (477),series,192106,202871,05N03412,4829,33310,33460,36,horizon,S05IL181-003-1,,,0,10,Ap,Ap,,A,,,,,0,Silt loam,3095,05N03412,202871,HM,46849,3998,24341,17101,4184,808,5715,538,351960,76,4367,245,81,,,,,,,,,,,,,,,,,,,,,,,199559,1164882,5247342,NHDFlowline,4.387500000000000,5/16/2005 0:00
335,0,461,1,697,0,461,33310,178557,Morgan Site 10,5/16/2005,37.359443700000000,-89.1061096,US,United States,IL,Illinois,IL181,Union,120,Kentucky and Indiana Sandstone and Shale Hills and Valleys,IL181,"Union County, Illinois",,,,,Winfield (477),Winfield (477),series,192107,202872,05N03413,4829,33310,33460,37,horizon,S05IL181-003-2,,,10,22,Bt1,Bt1,,B,,1,,,0,Silty clay loam,3096,05N03413,202872,HM,54716,4446,29729,17669,4988,794,5631,462,348885,78,4436,226,81,,,,,,,,,,,,,,,,,,,,,,,199559,1164882,5247342,NHDFlowline,4.387500000000000,5/16/2005 0:00
336,0,462,1,698,0,462,33310,178557,Morgan Site 10,5/16/2005,37.359443700000000,-89.1061096,US,United States,IL,Illinois,IL181,Union,120,Kentucky and Indiana Sandstone and Shale Hills and Valleys,IL181,"Union County, Illinois",,,,,Winfield (477),Winfield (477),series,192108,202873,05N03414,4829,33310,33460,38,horizon,S05IL181-003-3,,,22,33,Bt2,Bt2,,B,,2,,,0,Silty clay loam,3097,05N03414,202873,HM,57784,4452,33378,17967,5486,854,5918,522,345790,80,4427,221,81,,,,,,,,,,,,,,,,,,,,,,,199559,1164882,5247342,NHDFlowline,4.387500000000000,5/16/2005 0:00
337,0,463,1,699,0,463,33310,178557,Morgan Site 10,5/16/2005,37.359443700000000,-89.1061096,US,United States,IL,Illinois,IL181,Union,120,Kentucky and Indiana Sandstone and Shale Hills and Valleys,IL181,"Union County, Illinois",,,,,Winfield (477),Winfield (477),series,192109,202874,05N03415,4829,33310,33460,39,horizon,S05IL181-003-4,,,33,60,Bt3,Bt3,,B,,3,,,0,Silty clay loam,3098,05N03415,202874,HM,56865,3701,33299,18010,5611,930,6513,521,341052,85,4397,222,81,,,,,,,,,,,,,,,,,,,,,,,199559,1164882,5247342,NHDFlowline,4.387500000000000,5/16/2005 0:00
338,0,464,1,700,0,464,33310,178557,Morgan Site 10,5/16/2005,37.359443700000000,-89.1061096,US,United States,IL,Illinois,IL181,Union,120,Kentucky and Indiana Sandstone and Shale Hills and Valleys,IL181,"Union County, Illinois",,,,,Winfield (477),Winfield (477),series,192110,202875,05N03416,4829,33310,33460,40,horizon,S05IL181-003-5,,,60,80,Bt4,Bt4,,B,,4,,,0,Silt loam,3099,05N03416,202875,HM,54926,3206,31897,18318,5409,1175,7502,523,352608,96,4465,232,81,,,,,,,,,,,,,,,,,,,,,,,199559,1164882,5247342,NHDFlowline,4.387500000000000,5/16/2005 0:00
339,0,465,1,701,0,465,33310,178557,Morgan Site 10,5/16/2005,37.359443700000000,-89.1061096,US,United States,IL,Illinois,IL181,Union,120,Kentucky and Indiana Sandstone and Shale Hills and Valleys,IL181,"Union County, Illinois",,,,,Winfield (477),Winfield (477),series,192111,202876,05N03417,4829,33310,33460,41,horizon,S05IL181-003-6,,,80,91,Bt5,Bt5,,B,,5,,,0,Silt loam,3100,05N03417,202876,HM,54560,3258,31636,18662,5406,1346,7963,503,358507,101,4578,231,81,,,,,,,,,,,,,,,,,,,,,,,199559,1164882,5247342,NHDFlowline,4.387500000000000,5/16/2005 0:00
340,0,466,1,702,0,466,33310,178557,Morgan Site 10,5/16/2005,37.359443700000000,-89.1061096,US,United States,IL,Illinois,IL181,Union,120,Kentucky and Indiana Sandstone and Shale Hills and Valleys,IL181,"Union County, Illinois",,,,,Winfield (477),Winfield (477),series,192112,202877,05N03418,4829,33310,33460,42,horizon,S05IL181-003-7,,,91,111,Bt6,Bt6,,B,,6,,,0,Silt loam,3101,05N03418,202877,HM,53424,3559,31768,18256,5307,773,8265,464,357422,106,4585,248,81,,,,,,,,,,,,,,,,,,,,,,,199559,1164882,5247342,NHDFlowline,4.387500000000000,5/16/2005 0:00
341,0,467,1,703,0,467,33310,178557,Morgan Site 10,5/16/2005,37.359443700000000,-89.1061096,US,United States,IL,Illinois,IL181,Union,120,Kentucky and Indiana Sandstone and Shale Hills and Valleys,IL181,"Union County, Illinois",,,,,Winfield (477),Winfield (477),series,192113,202878,05N03419,4829,33310,33460,43,horizon,S05IL181-003-8,,,111,134,2Btx1,2Btx1,2,B,,1,,,0,Silt loam,3102,05N03419,202878,HM,52957,4295,29671,18389,5345,577,8936,401,357853,120,4315,197,81,,,,,,,,,,,,,,,,,,,,,,,199559,1164882,5247342,NHDFlowline,4.387500000000000,5/16/2005 0:00
342,0,468,1,704,0,468,33310,178557,Morgan Site 10,5/16/2005,37.359443700000000,-89.1061096,US,United States,IL,Illinois,IL181,Union,120,Kentucky and Indiana Sandstone and Shale Hills and Valleys,IL181,"Union County, Illinois",,,,,Winfield (477),Winfield (477),series,192114,202879,05N03420,4829,33310,33460,44,horizon,S05IL181-003-9,,,134,150,2Btx2,2Btx2,,,,,,,0,Silt loam,3103,05N03420,202879,HM,49921,5085,27654,17860,4961,620,9795,370,359122,132,4396,231,81,,,,,,,,,,,,,,,,,,,,,,,199559,1164882,5247342,NHDFlowline,4.387500000000000,5/16/2005 0:00
343,0,469,1,705,0,469,33310,178557,Morgan Site 10,5/16/2005,37.359443700000000,-89.1061096,US,United States,IL,Illinois,IL181,Union,120,Kentucky and Indiana Sandstone and Shale Hills and Valleys,IL181,"Union County, Illinois",,,,,Winfield (477),Winfield (477),series,192115,202880,05N03421,4829,33310,33460,45,horizon,S05IL181-003-10,,,150,175,2Btx3,2Btx3,2,B,,3,,,0,Silt loam,3104,05N03421,202880,HM,48093,6239,28117,18292,4790,686,10668,482,363057,145,4461,258,81,,,,,,,,,,,,,,,,,,,,,,,199559,1164882,5247342,NHDFlowline,4.387500000000000,5/16/2005 0:00
344,0,470,1,706,0,470,33310,178557,Morgan Site 10,5/16/2005,37.359443700000000,-89.1061096,US,United States,IL,Illinois,IL181,Union,120,Kentucky and Indiana Sandstone and Shale Hills and Valleys,IL181,"Union County, Illinois",,,,,Winfield (477),Winfield (477),series,192116,202881,05N03422,4829,33310,33460,46,horizon,S05IL181-003-11,,,175,203,2Btx4,2Btx4,2,B,,4,,,0,Silt loam,3105,05N03422,202881,HM,48612,7792,25405,19654,4796,837,11453,564,360484,162,4190,251,81,,,,,,,,,,,,,,,,,,,,,,,199559,1164882,5247342,NHDFlowline,4.387500000000000,5/16/2005 0:00
345,0,471,1,707,0,471,33307,178550,Morgan Site 5,5/16/2005,37.358612100000002,-89.105835,US,United States,IL,Illinois,IL181,Union,120,Kentucky and Indiana Sandstone and Shale Hills and Valleys,IL181,"Union County, Illinois",,,,,Alford (308),Alford (308),series,192082,202847,05N03377,4829,33307,33457,1,horizon,S05IL181-001-1,,,0,10,Ap1,Ap1,,A,,1,,,0,Silt loam,3060,05N03377,202847,HM,35687,4433,15470,15236,2457,850,5939,447,354242,87,4212,214,81,,,,,,,,,,,,,,,,,,,,,,,199559,1164908,5247366,NHDFlowline,1.556100000000000,5/16/2005 0:00
346,0,472,1,708,0,472,33307,178550,Morgan Site 5,5/16/2005,37.358612100000002,-89.105835,US,United States,IL,Illinois,IL181,Union,120,Kentucky and Indiana Sandstone and Shale Hills and Valleys,IL181,"Union County, Illinois",,,,,Alford (308),Alford (308),series,192083,202848,05N03378,4829,33307,33457,2,horizon,S05IL181-001-2,,,10,24,Ap2,Ap2,,A,,2,,,0,Silt loam,3061,05N03378,202848,HM,38335,5635,16451,15986,2535,923,6226,355,368247,93,4464,237,81,,,,,,,,,,,,,,,,,,,,,,,199559,1164908,5247366,NHDFlowline,1.556100000000000,5/16/2005 0:00
347,0,473,1,709,0,473,33307,178550,Morgan Site 5,5/16/2005,37.358612100000002,-89.105835,US,United States,IL,Illinois,IL181,Union,120,Kentucky and Indiana Sandstone and Shale Hills and Valleys,IL181,"Union County, Illinois",,,,,Alford (308),Alford (308),series,192084,202849,05N03379,4829,33307,33457,3,horizon,S05IL181-001-3,,,24,36,E,E,,E,,,,,0,Silt loam,3062,05N03379,202849,HM,51062,3761,26610,16234,4141,487,5113,430,342946,85,4121,170,81,,,,,,,,,,,,,,,,,,,,,,,199559,1164908,5247366,NHDFlowline,1.556100000000000,5/16/2005 0:00
348,0,474,1,710,0,474,33307,178550,Morgan Site 5,5/16/2005,37.358612100000002,-89.105835,US,United States,IL,Illinois,IL181,Union,120,Kentucky and Indiana Sandstone and Shale Hills and Valleys,IL181,"Union County, Illinois",,,,,Alford (308),Alford (308),series,192085,202850,05N03380,4829,33307,33457,4,horizon,S05IL181-001-4,,,36,49,Bt11,Bt11,,B,,11,,,0,Silty clay loam,3063,05N03380,202850,HM,55770,4093,32451,16014,4738,459,4773,541,326614,83,4275,208,81,,,,,,,,,,,,,,,,,,,,,,,199559,1164908,5247366,NHDFlowline,1.556100000000000,5/16/2005 0:00
349,0,475,1,711,0,475,33307,178550,Morgan Site 5,5/16/2005,37.358612100000002,-89.105835,US,United States,IL,Illinois,IL181,Union,120,Kentucky and Indiana Sandstone and Shale Hills and Valleys,IL181,"Union County, Illinois",,,,,Alford (308),Alford (308),series,192086,202851,05N03381,4829,33307,33457,5,horizon,S05IL181-001-5,,,49,61,Bt12,Bt12,,B,,12,,,0,Silty clay loam,3064,05N03381,202851,HM,59627,4111,34375,16682,5501,550,5065,600,319464,88,4233,192,81,,,,,,,,,,,,,,,,,,,,,,,199559,1164908,5247366,NHDFlowline,1.556100000000000,5/16/2005 0:00
350,0,476,1,712,0,476,33307,178550,Morgan Site 5,5/16/2005,37.358612100000002,-89.105835,US,United States,IL,Illinois,IL181,Union,120,Kentucky and Indiana Sandstone and Shale Hills and Valleys,IL181,"Union County, Illinois",,,,,Alford (308),Alford (308),series,192087,202852,05N03382,4829,33307,33457,6,horizon,S05IL181-001-6,,,61,75,Bt21,Bt21,,B,,21,,,0,Silty clay loam,3065,05N03382,202852,HM,58979,3874,34395,16883,5594,562,5481,573,334441,92,4316,194,81,,,,,,,,,,,,,,,,,,,,,,,199559,1164908,5247366,NHDFlowline,1.556100000000000,5/16/2005 0:00
351,0,477,1,713,0,477,33307,178550,Morgan Site 5,5/16/2005,37.358612100000002,-89.105835,US,United States,IL,Illinois,IL181,Union,120,Kentucky and Indiana Sandstone and Shale Hills and Valleys,IL181,"Union County, Illinois",,,,,Alford (308),Alford (308),series,192088,202853,05N03383,4829,33307,33457,7,horizon,S05IL181-001-7,,,75,89,Bt22,Bt22,,B,,22,,,0,Silty clay loam,3066,05N03383,202853,HM,56408,3306,33074,16519,5391,706,5916,524,331723,93,4312,213,81,,,,,,,,,,,,,,,,,,,,,,,199559,1164908,5247366,NHDFlowline,1.556100000000000,5/16/2005 0:00
352,0,478,1,714,0,478,33307,178550,Morgan Site 5,5/16/2005,37.358612100000002,-89.105835,US,United States,IL,Illinois,IL181,Union,120,Kentucky and Indiana Sandstone and Shale Hills and Valleys,IL181,"Union County, Illinois",,,,,Alford (308),Alford (308),series,192089,202854,05N03384,4829,33307,33457,8,horizon,S05IL181-001-8,,,89,105,Bt3,Bt3,,B,,3,,,0,Silty clay loam,3067,05N03384,202854,HM,54782,2317,32093,16560,5252,879,6455,519,334225,94,4281,211,81,,,,,,,,,,,,,,,,,,,,,,,199559,1164908,5247366,NHDFlowline,1.556100000000000,5/16/2005 0:00
353,0,479,1,715,0,479,33307,178550,Morgan Site 5,5/16/2005,37.358612100000002,-89.105835,US,United States,IL,Illinois,IL181,Union,120,Kentucky and Indiana Sandstone and Shale Hills and Valleys,IL181,"Union County, Illinois",,,,,Alford (308),Alford (308),series,192090,202855,05N03385,4829,33307,33457,9,horizon,S05IL181-001-9,,,105,128,Bt4,Bt4,,B,,4,,,0,Silt loam,3068,05N03385,202855,HM,52369,2269,29845,17032,4965,967,7295,466,342756,102,4458,220,81,,,,,,,,,,,,,,,,,,,,,,,199559,1164908,5247366,NHDFlowline,1.556100000000000,5/16/2005 0:00
354,0,480,1,716,0,480,33307,178550,Morgan Site 5,5/16/2005,37.358612100000002,-89.105835,US,United States,IL,Illinois,IL181,Union,120,Kentucky and Indiana Sandstone and Shale Hills and Valleys,IL181,"Union County, Illinois",,,,,Alford (308),Alford (308),series,192091,202856,05N03386,4829,33307,33457,10,horizon,S05IL181-001-10,,,128,151,Bt5,Bt5,,B,,5,,,0,Silt loam,3069,05N03386,202856,HM,50567,2663,27307,17603,4726,622,8414,373,354021,115,4631,238,81,,,,,,,,,,,,,,,,,,,,,,,199559,1164908,5247366,NHDFlowline,1.556100000000000,5/16/2005 0:00
355,0,481,1,717,0,481,33307,178550,Morgan Site 5,5/16/2005,37.358612100000002,-89.105835,US,United States,IL,Illinois,IL181,Union,120,Kentucky and Indiana Sandstone and Shale Hills and Valleys,IL181,"Union County, Illinois",,,,,Alford (308),Alford (308),series,192092,202857,05N03387,4829,33307,33457,11,horizon,S05IL181-001-11,,,151,170,Bt6,Bt6,,B,,6,,,0,Silt loam,3070,05N03387,202857,HM,51329,3539,28733,17032,5026,501,8898,409,344781,128,4425,217,81,,,,,,,,,,,,,,,,,,,,,,,199559,1164908,5247366,NHDFlowline,1.556100000000000,5/16/2005 0:00
356,0,482,1,718,0,482,33307,178550,Morgan Site 5,5/16/2005,37.358612100000002,-89.105835,US,United States,IL,Illinois,IL181,Union,120,Kentucky and Indiana Sandstone and Shale Hills and Valleys,IL181,"Union County, Illinois",,,,,Alford (308),Alford (308),series,192093,202858,05N03388,4829,33307,33457,12,horizon,S05IL181-001-12,,,170,182,Bt7,Bt7,,B,,7,,,0,Silt loam,3071,05N03388,202858,HM,50139,4256,28016,16967,4973,541,9647,397,350318,143,4518,247,81,,,,,,,,,,,,,,,,,,,,,,,199559,1164908,5247366,NHDFlowline,1.556100000000000,5/16/2005 0:00
357,0,483,1,719,0,483,33307,178550,Morgan Site 5,5/16/2005,37.358612100000002,-89.105835,US,United States,IL,Illinois,IL181,Union,120,Kentucky and Indiana Sandstone and Shale Hills and Valleys,IL181,"Union County, Illinois",,,,,Alford (308),Alford (308),series,192094,202859,05N03389,4829,33307,33457,13,horizon,S05IL181-001-13,,,182,200,Bt8,Bt8,,B,,8,,,0,Silt loam,3072,05N03389,202859,HM,49370,5303,27506,17204,4953,544,10076,456,353114,152,4394,221,81,,,,,,,,,,,,,,,,,,,,,,,199559,1164908,5247366,NHDFlowline,1.556100000000000,5/16/2005 0:00
358,0,484,1,720,0,484,33314,178570,Morgan - 1st transect 5th pit Bottom,5/18/2005,37.360000599999999,-89.1063919,US,United States,IL,Illinois,IL181,Union,120,Kentucky and Indiana Sandstone and Shale Hills and Valleys,IL181,"Union County, Illinois",,,,,Wilbur Tax (336),Wilbur Tax (336),taxadjunct,192162,202927,05N03457,4829,33314,33464,81,horizon,S05IL181-008-1,,,0,6,Ap,Ap,,A,,,,,0,Silt loam,3140,05N03457,202927,HM,41622,4039,20498,15793,3842,713,6568,854,409268,68,4051,230,81,,,,,,,,,,,,,,,,,,,,,,,199563,1164882,5247342,NHDFlowline,4.387500000000000,5/18/2005 0:00
359,0,485,1,721,0,485,33314,178570,Morgan - 1st transect 5th pit Bottom,5/18/2005,37.360000599999999,-89.1063919,US,United States,IL,Illinois,IL181,Union,120,Kentucky and Indiana Sandstone and Shale Hills and Valleys,IL181,"Union County, Illinois",,,,,Wilbur Tax (336),Wilbur Tax (336),taxadjunct,192163,202928,05N03458,4829,33314,33464,82,horizon,S05IL181-008-2,,,6,16,Bw1,Bw1,,B,,1,,,0,Silt loam,3141,05N03458,202928,HM,46172,3750,23698,16748,4063,776,7031,559,430072,73,4311,230,81,,,,,,,,,,,,,,,,,,,,,,,199563,1164882,5247342,NHDFlowline,4.387500000000000,5/18/2005 0:00
360,0,486,1,722,0,486,33314,178570,Morgan - 1st transect 5th pit Bottom,5/18/2005,37.360000599999999,-89.1063919,US,United States,IL,Illinois,IL181,Union,120,Kentucky and Indiana Sandstone and Shale Hills and Valleys,IL181,"Union County, Illinois",,,,,Wilbur Tax (336),Wilbur Tax (336),taxadjunct,192164,202929,05N03459,4829,33314,33464,83,horizon,S05IL181-008-3,,,16,36,Bw2,Bw2,,B,,2,,,0,Silt loam,3142,05N03459,202929,HM,47693,4529,25319,16600,4243,889,7148,471,416689,78,4353,240,81,,,,,,,,,,,,,,,,,,,,,,,199563,1164882,5247342,NHDFlowline,4.387500000000000,5/18/2005 0:00
361,0,487,1,723,0,487,33314,178570,Morgan - 1st transect 5th pit Bottom,5/18/2005,37.360000599999999,-89.1063919,US,United States,IL,Illinois,IL181,Union,120,Kentucky and Indiana Sandstone and Shale Hills and Valleys,IL181,"Union County, Illinois",,,,,Wilbur Tax (336),Wilbur Tax (336),taxadjunct,192165,202930,05N03460,4829,33314,33464,84,horizon,S05IL181-008-4,,,36,60,Bw3,Bw3,,B,,3,,,0,Silt loam,3143,05N03460,202930,HM,48541,5491,26585,16708,4533,968,7477,448,425576,85,4428,245,81,,,,,,,,,,,,,,,,,,,,,,,199563,1164882,5247342,NHDFlowline,4.387500000000000,5/18/2005 0:00
362,0,488,1,724,0,488,33314,178570,Morgan - 1st transect 5th pit Bottom,5/18/2005,37.360000599999999,-89.1063919,US,United States,IL,Illinois,IL181,Union,120,Kentucky and Indiana Sandstone and Shale Hills and Valleys,IL181,"Union County, Illinois",,,,,Wilbur Tax (336),Wilbur Tax (336),taxadjunct,192166,202931,05N03461,4829,33314,33464,85,horizon,S05IL181-008-5,,,60,85,Bw4,Bw4,,B,,4,,,0,Silt loam,3144,05N03461,202931,HM,54029,5480,32213,17718,5473,961,8826,480,415526,111,4461,241,81,,,,,,,,,,,,,,,,,,,,,,,199563,1164882,5247342,NHDFlowline,4.387500000000000,5/18/2005 0:00
363,0,489,1,725,0,489,33314,178570,Morgan - 1st transect 5th pit Bottom,5/18/2005,37.360000599999999,-89.1063919,US,United States,IL,Illinois,IL181,Union,120,Kentucky and Indiana Sandstone and Shale Hills and Valleys,IL181,"Union County, Illinois",,,,,Wilbur Tax (336),Wilbur Tax (336),taxadjunct,192167,202932,05N03462,4829,33314,33464,86,horizon,S05IL181-008-6,,,85,108,2Bg1,2Bg1,2,B,,1,,,0,Silt loam,3145,05N03462,202932,HM,51005,6717,28249,18535,5499,874,10088,582,427022,135,4523,234,81,,,,,,,,,,,,,,,,,,,,,,,199563,1164882,5247342,NHDFlowline,4.387500000000000,5/18/2005 0:00
364,0,490,1,726,0,490,33314,178570,Morgan - 1st transect 5th pit Bottom,5/18/2005,37.360000599999999,-89.1063919,US,United States,IL,Illinois,IL181,Union,120,Kentucky and Indiana Sandstone and Shale Hills and Valleys,IL181,"Union County, Illinois",,,,,Wilbur Tax (336),Wilbur Tax (336),taxadjunct,192168,202933,05N03463,4829,33314,33464,87,horizon,S05IL181-008-7,,,108,130,2Bg21,2Bg21,2,B,,21,,,0,Silt loam,3146,05N03463,202933,HM,49638,6990,28125,18611,5383,785,10501,630,431225,137,4508,246,81,,,,,,,,,,,,,,,,,,,,,,,199563,1164882,5247342,NHDFlowline,4.387500000000000,5/18/2005 0:00
365,0,491,1,727,0,491,33314,178570,Morgan - 1st transect 5th pit Bottom,5/18/2005,37.360000599999999,-89.1063919,US,United States,IL,Illinois,IL181,Union,120,Kentucky and Indiana Sandstone and Shale Hills and Valleys,IL181,"Union County, Illinois",,,,,Wilbur Tax (336),Wilbur Tax (336),taxadjunct,192169,202934,05N03464,4829,33314,33464,88,horizon,S05IL181-008-8,,,130,150,2Bg22,2Bg22,2,B,,22,,,0,Silt loam,3147,05N03464,202934,HM,50644,7926,28035,19652,5260,829,11374,728,430193,154,4537,280,81,,,,,,,,,,,,,,,,,,,,,,,199563,1164882,5247342,NHDFlowline,4.387500000000000,5/18/2005 0:00
366,0,492,1,728,0,492,33314,178570,Morgan - 1st transect 5th pit Bottom,5/18/2005,37.360000599999999,-89.1063919,US,United States,IL,Illinois,IL181,Union,120,Kentucky and Indiana Sandstone and Shale Hills and Valleys,IL181,"Union County, Illinois",,,,,Wilbur Tax (336),Wilbur Tax (336),taxadjunct,192170,202935,05N03465,4829,33314,33464,89,horizon,S05IL181-008-9,,,150,160,3Bg3,3Bg3,3,B,,3,,,0,Silt loam,3148,05N03465,202935,HM,49228,8067,26840,19535,5160,800,11265,689,425202,155,4307,265,81,,,,,,,,,,,,,,,,,,,,,,,199563,1164882,5247342,NHDFlowline,4.387500000000000,5/18/2005 0:00
367,0,493,1,729,0,493,33314,178570,Morgan - 1st transect 5th pit Bottom,5/18/2005,37.360000599999999,-89.1063919,US,United States,IL,Illinois,IL181,Union,120,Kentucky and Indiana Sandstone and Shale Hills and Valleys,IL181,"Union County, Illinois",,,,,Wilbur Tax (336),Wilbur Tax (336),taxadjunct,192171,202936,05N03466,4829,33314,33464,90,horizon,S05IL181-008-10,,,160,180,3Bw1,3Bw1,3,B,,1,,,0,Silt loam,3149,05N03466,202936,HM,49908,16547,26042,19667,5297,635,11082,689,425829,162,4152,272,81,,,,,,,,,,,,,,,,,,,,,,,199563,1164882,5247342,NHDFlowline,4.387500000000000,5/18/2005 0:00
368,0,494,1,730,0,494,33314,178570,Morgan - 1st transect 5th pit Bottom,5/18/2005,37.360000599999999,-89.1063919,US,United States,IL,Illinois,IL181,Union,120,Kentucky and Indiana Sandstone and Shale Hills and Valleys,IL181,"Union County, Illinois",,,,,Wilbur Tax (336),Wilbur Tax (336),taxadjunct,192172,202937,05N03467,4829,33314,33464,91,horizon,S05IL181-008-11,,,180,203,3Bw2,3Bw2,3,B,,2,,,0,Silt loam,3150,05N03467,202937,HM,48553,7287,25607,19268,4714,749,11128,594,354265,157,4421,261,81,,,,,,,,,,,,,,,,,,,,,,,199563,1164882,5247342,NHDFlowline,4.387500000000000,5/18/2005 0:00
369,0,521,1,731,0,521,33311,178559,Morgan 2nd transect 1st pit - ridgetop Site,5/18/2005,37.360553699999997,-89.105835,US,United States,IL,Illinois,IL181,Union,120,Kentucky and Indiana Sandstone and Shale Hills and Valleys,IL181,"Union County, Illinois",,,,,Alford (308),Alford (308),series,192128,202893,05N03423,4829,33311,33461,47,horizon,S05IL181-005-1,,,0,14,Ap1,Ap1,,A,,1,,,0,Silt loam,3106,05N03423,202893,HM,38629,2607,16511,16710,2640,957,6044,427,379057,86,4643,261,81,,,,,,,,,,,,,,,,,,,,,,,199561,1164882,5247342,NHDFlowline,4.387500000000000,5/18/2005 0:00
370,0,522,1,732,0,522,33311,178559,Morgan 2nd transect 1st pit - ridgetop Site,5/18/2005,37.360553699999997,-89.105835,US,United States,IL,Illinois,IL181,Union,120,Kentucky and Indiana Sandstone and Shale Hills and Valleys,IL181,"Union County, Illinois",,,,,Alford (308),Alford (308),series,192129,202894,05N03424,4829,33311,33461,48,horizon,S05IL181-005-2,,,14,28,Ap2,Ap2,,A,,2,,,0,Silt loam,3107,05N03424,202894,HM,40635,2632,17766,16637,2740,901,5945,388,379881,86,4355,201,81,,,,,,,,,,,,,,,,,,,,,,,199561,1164882,5247342,NHDFlowline,4.387500000000000,5/18/2005 0:00
371,0,523,1,733,0,523,33311,178559,Morgan 2nd transect 1st pit - ridgetop Site,5/18/2005,37.360553699999997,-89.105835,US,United States,IL,Illinois,IL181,Union,120,Kentucky and Indiana Sandstone and Shale Hills and Valleys,IL181,"Union County, Illinois",,,,,Alford (308),Alford (308),series,192130,202895,05N03425,4829,33311,33461,49,horizon,S05IL181-005-3,,,28,38,Bt1,Bt1,,B,,1,,,0,Silty clay loam,3108,05N03425,202895,HM,53385,3045,27601,17596,4396,539,5139,523,357361,82,4519,217,81,,,,,,,,,,,,,,,,,,,,,,,199561,1164882,5247342,NHDFlowline,4.387500000000000,5/18/2005 0:00
372,0,524,1,734,0,524,33311,178559,Morgan 2nd transect 1st pit - ridgetop Site,5/18/2005,37.360553699999997,-89.105835,US,United States,IL,Illinois,IL181,Union,120,Kentucky and Indiana Sandstone and Shale Hills and Valleys,IL181,"Union County, Illinois",,,,,Alford (308),Alford (308),series,192131,202896,05N03426,4829,33311,33461,50,horizon,S05IL181-005-4,,,38,49,Bt2,Bt2,,B,,2,,,0,Silty clay loam,3109,05N03426,202896,HM,59981,3291,33137,18209,5425,513,4911,616,347624,82,4517,218,81,,,,,,,,,,,,,,,,,,,,,,,199561,1164882,5247342,NHDFlowline,4.387500000000000,5/18/2005 0:00
373,0,525,1,735,0,525,33311,178559,Morgan 2nd transect 1st pit - ridgetop Site,5/18/2005,37.360553699999997,-89.105835,US,United States,IL,Illinois,IL181,Union,120,Kentucky and Indiana Sandstone and Shale Hills and Valleys,IL181,"Union County, Illinois",,,,,Alford (308),Alford (308),series,192132,202897,05N03427,4829,33311,33461,51,horizon,S05IL181-005-5,,,49,59,Bt3,Bt3,,B,,3,,,0,Silty clay loam,3110,05N03427,202897,HM,57792,3067,34478,17677,5288,552,5075,617,342060,80,4482,234,81,,,,,,,,,,,,,,,,,,,,,,,199561,1164882,5247342,NHDFlowline,4.387500000000000,5/18/2005 0:00
374,0,526,1,736,0,526,33311,178559,Morgan 2nd transect 1st pit - ridgetop Site,5/18/2005,37.360553699999997,-89.105835,US,United States,IL,Illinois,IL181,Union,120,Kentucky and Indiana Sandstone and Shale Hills and Valleys,IL181,"Union County, Illinois",,,,,Alford (308),Alford (308),series,192133,202898,05N03428,4829,33311,33461,52,horizon,S05IL181-005-6,,,59,75,Bt4,Bt4,,B,,4,,,0,Silty clay loam,3111,05N03428,202898,HM,60077,2457,34900,18532,5888,621,5560,623,350184,85,4505,207,81,,,,,,,,,,,,,,,,,,,,,,,199561,1164882,5247342,NHDFlowline,4.387500000000000,5/18/2005 0:00
375,0,527,1,737,0,527,33311,178559,Morgan 2nd transect 1st pit - ridgetop Site,5/18/2005,37.360553699999997,-89.105835,US,United States,IL,Illinois,IL181,Union,120,Kentucky and Indiana Sandstone and Shale Hills and Valleys,IL181,"Union County, Illinois",,,,,Alford (308),Alford (308),series,192134,202899,05N03429,4829,33311,33461,53,horizon,S05IL181-005-7,,,75,90,Bt5,Bt5,,B,,5,,,0,Silty clay loam,3112,05N03429,202899,HM,57825,1929,34539,18371,5637,721,6093,563,351709,89,4602,234,81,,,,,,,,,,,,,,,,,,,,,,,199561,1164882,5247342,NHDFlowline,4.387500000000000,5/18/2005 0:00
376,0,528,1,738,0,528,33311,178559,Morgan 2nd transect 1st pit - ridgetop Site,5/18/2005,37.360553699999997,-89.105835,US,United States,IL,Illinois,IL181,Union,120,Kentucky and Indiana Sandstone and Shale Hills and Valleys,IL181,"Union County, Illinois",,,,,Alford (308),Alford (308),series,192135,202900,05N03430,4829,33311,33461,54,horizon,S05IL181-005-8,,,90,107,Bt6,Bt6,,B,,6,,,0,Silty clay loam,3113,05N03430,202900,HM,57107,1902,33553,18406,5519,1037,6521,568,352036,93,4548,241,81,,,,,,,,,,,,,,,,,,,,,,,199561,1164882,5247342,NHDFlowline,4.387500000000000,5/18/2005 0:00
377,0,529,1,739,0,529,33311,178559,Morgan 2nd transect 1st pit - ridgetop Site,5/18/2005,37.360553699999997,-89.105835,US,United States,IL,Illinois,IL181,Union,120,Kentucky and Indiana Sandstone and Shale Hills and Valleys,IL181,"Union County, Illinois",,,,,Alford (308),Alford (308),series,192136,202901,05N03431,4829,33311,33461,55,horizon,S05IL181-005-9,,,107,121,Bt7,Bt7,,B,,7,,,0,Silt loam,3114,05N03431,202901,HM,50462,1544,29069,16022,4592,1034,6527,502,341999,95,3898,150,81,,,,,,,,,,,,,,,,,,,,,,,199561,1164882,5247342,NHDFlowline,4.387500000000000,5/18/2005 0:00
378,0,530,1,740,0,530,33311,178559,Morgan 2nd transect 1st pit - ridgetop Site,5/18/2005,37.360553699999997,-89.105835,US,United States,IL,Illinois,IL181,Union,120,Kentucky and Indiana Sandstone and Shale Hills and Valleys,IL181,"Union County, Illinois",,,,,Alford (308),Alford (308),series,192137,202902,05N03432,4829,33311,33461,56,horizon,S05IL181-005-10,,,121,145,Bt8,Bt8,,B,,8,,,0,Silt loam,3115,05N03432,202902,HM,49350,1717,28057,16421,4485,829,7098,465,351223,102,4243,188,81,,,,,,,,,,,,,,,,,,,,,,,199561,1164882,5247342,NHDFlowline,4.387500000000000,5/18/2005 0:00
379,0,531,1,741,0,531,33311,178559,Morgan 2nd transect 1st pit - ridgetop Site,5/18/2005,37.360553699999997,-89.105835,US,United States,IL,Illinois,IL181,Union,120,Kentucky and Indiana Sandstone and Shale Hills and Valleys,IL181,"Union County, Illinois",,,,,Alford (308),Alford (308),series,192138,202903,05N03433,4829,33311,33461,57,horizon,S05IL181-005-11,,,145,179,Bt9,Bt9,,B,,9,,,0,Silt loam,3116,05N03433,202903,HM,51254,2750,29032,18575,4934,591,8612,434,357256,112,4349,202,81,,,,,,,,,,,,,,,,,,,,,,,199561,1164882,5247342,NHDFlowline,4.387500000000000,5/18/2005 0:00
380,0,532,1,742,0,532,33311,178559,Morgan 2nd transect 1st pit - ridgetop Site,5/18/2005,37.360553699999997,-89.105835,US,United States,IL,Illinois,IL181,Union,120,Kentucky and Indiana Sandstone and Shale Hills and Valleys,IL181,"Union County, Illinois",,,,,Alford (308),Alford (308),series,192139,202904,05N03434,4829,33311,33461,58,horizon,S05IL181-005-12,,,179,203,Bt10,Bt10,,B,,10,,,0,Silt loam,3117,05N03434,202904,HM,48157,3212,27173,17329,4414,499,8856,434,341588,117,4356,243,81,,,,,,,,,,,,,,,,,,,,,,,199561,1164882,5247342,NHDFlowline,4.387500000000000,5/18/2005 0:00
381,0,577,1,743,0,577,34007,429396,S2005IL003007,12/7/2005,37.249721500000000,-89.3761139,US,United States,IL,Illinois,IL003,Alexander,115B,"Central Mississippi Valley Wooded Slopes, Western Part",IL003,"Alexander County, Illinois",,,R09F08,Shawnee National Forest,Hosmer (214),Hosmer (214),series,196084,207452,06N02151,4946,34007,34204,59,horizon,S05IL003-007-2,,,1,5,A11,A11,,A,,11,,,0,,3488,06N02151,207452,HM,45205,7881,20882,15893,4386,1044,7182,800,297987,154,3646,185,41,,,,,,,,,,,,,,,,,,,,,,,602331,1164797,5248146,NHDFlowline,4.595400000000000,12/7/2005 0:00
382,0,578,1,744,0,578,34007,429396,S2005IL003007,12/7/2005,37.249721500000000,-89.3761139,US,United States,IL,Illinois,IL003,Alexander,115B,"Central Mississippi Valley Wooded Slopes, Western Part",IL003,"Alexander County, Illinois",,,R09F08,Shawnee National Forest,Hosmer (214),Hosmer (214),series,196085,207453,06N02152,4946,34007,34204,60,horizon,S05IL003-007-3,,,5,10,A12,A12,,A,,12,,,0,,3489,06N02152,207453,HM,53443,4255,26655,17317,4441,820,8325,550,362021,123,4452,246,41,,,,,,,,,,,,,,,,,,,,,,,602331,1164797,5248146,NHDFlowline,4.595400000000000,12/7/2005 0:00
383,0,579,1,745,0,579,34007,429396,S2005IL003007,12/7/2005,37.249721500000000,-89.3761139,US,United States,IL,Illinois,IL003,Alexander,115B,"Central Mississippi Valley Wooded Slopes, Western Part",IL003,"Alexander County, Illinois",,,R09F08,Shawnee National Forest,Hosmer (214),Hosmer (214),series,196086,207454,06N02153,4946,34007,34204,61,horizon,S05IL003-007-4,,,10,26,Bt1,Bt1,,B,,1,,,0,,3490,06N02153,207454,HM,56199,4168,31696,17681,4188,596,9054,509,384949,126,4776,256,41,,,,,,,,,,,,,,,,,,,,,,,602331,1164797,5248146,NHDFlowline,4.595400000000000,12/7/2005 0:00
384,0,580,1,746,0,580,34007,429396,S2005IL003007,12/7/2005,37.249721500000000,-89.3761139,US,United States,IL,Illinois,IL003,Alexander,115B,"Central Mississippi Valley Wooded Slopes, Western Part",IL003,"Alexander County, Illinois",,,R09F08,Shawnee National Forest,Hosmer (214),Hosmer (214),series,196087,207455,06N02154,4946,34007,34204,62,horizon,S05IL003-007-5,,,26,46,Bt2,Bt2,,B,,2,,,0,,3491,06N02154,207455,HM,59825,5160,32012,18873,4228,458,10286,474,398753,155,4946,307,41,,,,,,,,,,,,,,,,,,,,,,,602331,1164797,5248146,NHDFlowline,4.595400000000000,12/7/2005 0:00
385,0,581,1,747,0,581,34007,429396,S2005IL003007,12/7/2005,37.249721500000000,-89.3761139,US,United States,IL,Illinois,IL003,Alexander,115B,"Central Mississippi Valley Wooded Slopes, Western Part",IL003,"Alexander County, Illinois",,,R09F08,Shawnee National Forest,Hosmer (214),Hosmer (214),series,196088,207456,06N02155,4946,34007,34204,63,horizon,S05IL003-007-6,,,46,72,Btx1,Btx1,,B,,1,,,0,,3492,06N02155,207456,HM,56008,5568,26493,18965,4845,412,10744,471,382917,162,4664,229,41,,,,,,,,,,,,,,,,,,,,,,,602331,1164797,5248146,NHDFlowline,4.595400000000000,12/7/2005 0:00
386,0,582,1,748,0,582,34007,429396,S2005IL003007,12/7/2005,37.249721500000000,-89.3761139,US,United States,IL,Illinois,IL003,Alexander,115B,"Central Mississippi Valley Wooded Slopes, Western Part",IL003,"Alexander County, Illinois",,,R09F08,Shawnee National Forest,Hosmer (214),Hosmer (214),series,196089,207457,06N02156,4946,34007,34204,64,horizon,S05IL003-007-7,,,72,96,Btx2,Btx2,,B,,2,,,0,,3493,06N02156,207457,HM,54397,6249,27277,17701,5036,511,10319,539,362742,159,4200,191,41,,,,,,,,,,,,,,,,,,,,,,,602331,1164797,5248146,NHDFlowline,4.595400000000000,12/7/2005 0:00
387,0,583,1,749,0,583,34007,429396,S2005IL003007,12/7/2005,37.249721500000000,-89.3761139,US,United States,IL,Illinois,IL003,Alexander,115B,"Central Mississippi Valley Wooded Slopes, Western Part",IL003,"Alexander County, Illinois",,,R09F08,Shawnee National Forest,Hosmer (214),Hosmer (214),series,196090,207458,06N02157,4946,34007,34204,65,horizon,S05IL003-007-8,,,96,126,Btx3,Btx3,,B,,3,,,0,,3494,06N02157,207458,HM,56511,7367,27548,19383,5236,552,11741,609,397354,180,4573,205,41,,,,,,,,,,,,,,,,,,,,,,,602331,1164797,5248146,NHDFlowline,4.595400000000000,12/7/2005 0:00
388,0,584,1,750,0,584,34007,429396,S2005IL003007,12/7/2005,37.249721500000000,-89.3761139,US,United States,IL,Illinois,IL003,Alexander,115B,"Central Mississippi Valley Wooded Slopes, Western Part",IL003,"Alexander County, Illinois",,,R09F08,Shawnee National Forest,Hosmer (214),Hosmer (214),series,196091,207459,06N02158,4946,34007,34204,66,horizon,S05IL003-007-9,,,126,162,Btx4,Btx4,,B,,4,,,0,,3495,06N02158,207459,HM,54664,8112,27030,18577,5235,632,11819,588,383609,180,4292,198,41,,,,,,,,,,,,,,,,,,,,,,,602331,1164797,5248146,NHDFlowline,4.595400000000000,12/7/2005 0:00
389,0,585,1,751,0,585,34007,429396,S2005IL003007,12/7/2005,37.249721500000000,-89.3761139,US,United States,IL,Illinois,IL003,Alexander,115B,"Central Mississippi Valley Wooded Slopes, Western Part",IL003,"Alexander County, Illinois",,,R09F08,Shawnee National Forest,Hosmer (214),Hosmer (214),series,196092,207460,06N02159,4946,34007,34204,67,horizon,S05IL003-007-10,,,162,200,B't1,B't1,,B,',1,,,0,,3496,06N02159,207460,HM,55818,9581,27228,19656,5474,715,13021,651,401382,199,4584,243,41,,,,,,,,,,,,,,,,,,,,,,,602331,1164797,5248146,NHDFlowline,4.595400000000000,12/7/2005 0:00
390,0,586,1,752,0,586,34007,429396,S2005IL003007,12/7/2005,37.249721500000000,-89.3761139,US,United States,IL,Illinois,IL003,Alexander,115B,"Central Mississippi Valley Wooded Slopes, Western Part",IL003,"Alexander County, Illinois",,,R09F08,Shawnee National Forest,Hosmer (214),Hosmer (214),series,196093,207461,06N02160,4946,34007,34204,68,horizon,S05IL003-007-11,,,200,240,B't2,B't2,,B,',2,,,0,,3497,06N02160,207461,HM,53037,9516,25060,19318,5282,690,12326,627,380318,185,3839,190,41,,,,,,,,,,,,,,,,,,,,,,,602331,1164797,5248146,NHDFlowline,4.595400000000000,12/7/2005 0:00
391,0,587,1,753,0,587,34059,981424,Morgan Pond Hole 51,6/4/2007,37.360849999999999,-89.1065889,US,United States,IL,Illinois,IL181,Union,,,IL181,"Union County, Illinois",,,,,,,,196255,207623,07N03312,4948,34059,34256,1,horizon,S07IL181-060-1,,,0,25,,,,,,,,,0,,4041,07N03312,207623,HM,51937,5366,31507,16643,4515,2042,7347,788,324890,103,4466,249,81,,,,,,,,,,,,,,,,,,,,,,,199572,1164882,5247342,NHDFlowline,4.387500000000000,6/4/2007 0:00
392,0,588,1,754,0,588,34059,981424,Morgan Pond Hole 51,6/4/2007,37.360849999999999,-89.1065889,US,United States,IL,Illinois,IL181,Union,,,IL181,"Union County, Illinois",,,,,,,,196256,207624,07N03313,4948,34059,34256,2,horizon,S07IL181-060-2,,,25,51,,,,,,,,,0,,4042,07N03313,207624,HM,52452,4564,30566,16846,4434,1723,7005,747,338130,95,4681,260,81,,,,,,,,,,,,,,,,,,,,,,,199572,1164882,5247342,NHDFlowline,4.387500000000000,6/4/2007 0:00
393,0,589,1,755,0,589,34059,981424,Morgan Pond Hole 51,6/4/2007,37.360849999999999,-89.1065889,US,United States,IL,Illinois,IL181,Union,,,IL181,"Union County, Illinois",,,,,,,,196257,207625,07N03314,4948,34059,34256,3,horizon,S07IL181-060-3,,,51,76,,,,,,,,,0,,4043,07N03314,207625,HM,49006,4526,26660,16511,3994,1122,7168,701,349118,94,4496,211,81,,,,,,,,,,,,,,,,,,,,,,,199572,1164882,5247342,NHDFlowline,4.387500000000000,6/4/2007 0:00
394,0,590,1,756,0,590,34001,429390,S2005IL003001,12/5/2005,37.249168400000002,-89.378334,US,United States,IL,Illinois,IL003,Alexander,115B,"Central Mississippi Valley Wooded Slopes, Western Part",IL003,"Alexander County, Illinois",,,R09F08,Shawnee National Forest,Menfro (079),Menfro (079),series,196027,207395,06N02094,4946,34001,34198,2,horizon,S05IL003-001-2,,,1,7,A1,A1,,A,,1,,,0,,3437,06N02094,207395,HM,37900,4285,13564,16352,2513,1201,7046,447,320550,116,4023,228,41,,,,,,,,,,,,,,,,,,,,,,,602444,1164797,5248146,NHDFlowline,4.595400000000000,12/5/2005 0:00
395,0,591,1,757,0,591,34001,429390,S2005IL003001,12/5/2005,37.249168400000002,-89.378334,US,United States,IL,Illinois,IL003,Alexander,115B,"Central Mississippi Valley Wooded Slopes, Western Part",IL003,"Alexander County, Illinois",,,R09F08,Shawnee National Forest,Menfro (079),Menfro (079),series,196028,207396,06N02095,4946,34001,34198,3,horizon,S05IL003-001-3,,,7,19,A2,A2,,A,,2,,,0,,3438,06N02095,207396,HM,43602,4117,15900,18629,2814,1419,8088,440,376908,126,4466,195,41,,,,,,,,,,,,,,,,,,,,,,,602444,1164797,5248146,NHDFlowline,4.595400000000000,12/5/2005 0:00
396,0,592,1,758,0,592,34001,429390,S2005IL003001,12/5/2005,37.249168400000002,-89.378334,US,United States,IL,Illinois,IL003,Alexander,115B,"Central Mississippi Valley Wooded Slopes, Western Part",IL003,"Alexander County, Illinois",,,R09F08,Shawnee National Forest,Menfro (079),Menfro (079),series,196029,207397,06N02096,4946,34001,34198,4,horizon,S05IL003-001-4,,,19,32,E,E,,E,,,,,0,,3439,06N02096,207397,HM,48031,2705,19931,18084,3346,1013,7037,454,342485,102,4324,227,41,,,,,,,,,,,,,,,,,,,,,,,602444,1164797,5248146,NHDFlowline,4.595400000000000,12/5/2005 0:00
397,0,593,1,759,0,593,34001,429390,S2005IL003001,12/5/2005,37.249168400000002,-89.378334,US,United States,IL,Illinois,IL003,Alexander,115B,"Central Mississippi Valley Wooded Slopes, Western Part",IL003,"Alexander County, Illinois",,,R09F08,Shawnee National Forest,Menfro (079),Menfro (079),series,196030,207398,06N02097,4946,34001,34198,5,horizon,S05IL003-001-5,,,32,63,Bt1,Bt1,,B,,1,,,0,,3440,06N02097,207398,HM,62666,2992,31967,19978,5576,924,6828,699,346668,112,4462,212,41,,,,,,,,,,,,,,,,,,,,,,,602444,1164797,5248146,NHDFlowline,4.595400000000000,12/5/2005 0:00
398,0,594,1,760,0,594,34001,429390,S2005IL003001,12/5/2005,37.249168400000002,-89.378334,US,United States,IL,Illinois,IL003,Alexander,115B,"Central Mississippi Valley Wooded Slopes, Western Part",IL003,"Alexander County, Illinois",,,R09F08,Shawnee National Forest,Menfro (079),Menfro (079),series,196031,207399,06N02098,4946,34001,34198,6,horizon,S05IL003-001-6,,,63,98,Bt2,Bt2,,B,,2,,,0,,3441,06N02098,207399,HM,59068,2803,30273,18834,5546,875,6818,651,322575,106,3999,178,41,,,,,,,,,,,,,,,,,,,,,,,602444,1164797,5248146,NHDFlowline,4.595400000000000,12/5/2005 0:00
399,0,595,1,761,0,595,34001,429390,S2005IL003001,12/5/2005,37.249168400000002,-89.378334,US,United States,IL,Illinois,IL003,Alexander,115B,"Central Mississippi Valley Wooded Slopes, Western Part",IL003,"Alexander County, Illinois",,,R09F08,Shawnee National Forest,Menfro (079),Menfro (079),series,196032,207400,06N02099,4946,34001,34198,7,horizon,S05IL003-001-7,,,98,131,Bt3,Bt3,,B,,3,,,0,,3442,06N02099,207400,HM,55306,2935,29592,18230,5232,902,7306,603,317668,110,4000,201,41,,,,,,,,,,,,,,,,,,,,,,,602444,1164797,5248146,NHDFlowline,4.595400000000000,12/5/2005 0:00
400,0,596,1,762,0,596,34001,429390,S2005IL003001,12/5/2005,37.249168400000002,-89.378334,US,United States,IL,Illinois,IL003,Alexander,115B,"Central Mississippi Valley Wooded Slopes, Western Part",IL003,"Alexander County, Illinois",,,R09F08,Shawnee National Forest,Menfro (079),Menfro (079),series,196033,207401,06N02100,4946,34001,34198,8,horizon,S05IL003-001-8,,,131,170,Bt4,Bt4,,B,,4,,,0,,3443,06N02100,207401,HM,49192,2873,25153,16490,4713,759,6941,503,283719,103,3440,151,41,,,,,,,,,,,,,,,,,,,,,,,602444,1164797,5248146,NHDFlowline,4.595400000000000,12/5/2005 0:00
401,0,597,1,763,0,597,34001,429390,S2005IL003001,12/5/2005,37.249168400000002,-89.378334,US,United States,IL,Illinois,IL003,Alexander,115B,"Central Mississippi Valley Wooded Slopes, Western Part",IL003,"Alexander County, Illinois",,,R09F08,Shawnee National Forest,Menfro (079),Menfro (079),series,196034,207402,06N02101,4946,34001,34198,9,horizon,S05IL003-001-9,,,170,203,Bt5,Bt5,,B,,5,,,0,,3444,06N02101,207402,HM,57893,3807,29715,19534,5597,1017,8708,596,339953,133,4167,183,41,,,,,,,,,,,,,,,,,,,,,,,602444,1164797,5248146,NHDFlowline,4.595400000000000,12/5/2005 0:00
402,0,598,1,764,0,598,34003,429392,S2005IL003003,12/5/2005,37.248611500000003,-89.3777771,US,United States,IL,Illinois,IL003,Alexander,115B,"Central Mississippi Valley Wooded Slopes, Western Part",IL003,"Alexander County, Illinois",,,R09F08,Shawnee National Forest,Hosmer (214),Hosmer (214),series,196044,207412,06N02111,4946,34003,34200,19,horizon,S05IL003-003-2,,,1,14,A,A,,A,,,,,0,,3452,06N02111,207412,HM,42707,4240,19955,15531,3780,904,6323,531,290255,107,3631,202,41,,,,,,,,,,,,,,,,,,,,,,,602453,1164797,5248146,NHDFlowline,4.595400000000000,12/5/2005 0:00
403,0,599,1,765,0,599,34003,429392,S2005IL003003,12/5/2005,37.248611500000003,-89.3777771,US,United States,IL,Illinois,IL003,Alexander,115B,"Central Mississippi Valley Wooded Slopes, Western Part",IL003,"Alexander County, Illinois",,,R09F08,Shawnee National Forest,Hosmer (214),Hosmer (214),series,196045,207413,06N02112,4946,34003,34200,20,horizon,S05IL003-003-3,,,14,23,Bt1,Bt1,,B,,1,,,0,,3453,06N02112,207413,HM,53851,3222,26121,18479,4711,904,7492,521,343244,111,4285,205,41,,,,,,,,,,,,,,,,,,,,,,,602453,1164797,5248146,NHDFlowline,4.595400000000000,12/5/2005 0:00
404,0,600,1,766,0,600,34003,429392,S2005IL003003,12/5/2005,37.248611500000003,-89.3777771,US,United States,IL,Illinois,IL003,Alexander,115B,"Central Mississippi Valley Wooded Slopes, Western Part",IL003,"Alexander County, Illinois",,,R09F08,Shawnee National Forest,Hosmer (214),Hosmer (214),series,196046,207414,06N02113,4946,34003,34200,21,horizon,S05IL003-003-4,,,23,39,Bt2,Bt2,,B,,2,,,0,,3454,06N02113,207414,HM,54562,3529,29500,17169,5065,545,8178,541,313428,120,3966,213,41,,,,,,,,,,,,,,,,,,,,,,,602453,1164797,5248146,NHDFlowline,4.595400000000000,12/5/2005 0:00
405,0,601,1,767,0,601,34003,429392,S2005IL003003,12/5/2005,37.248611500000003,-89.3777771,US,United States,IL,Illinois,IL003,Alexander,115B,"Central Mississippi Valley Wooded Slopes, Western Part",IL003,"Alexander County, Illinois",,,R09F08,Shawnee National Forest,Hosmer (214),Hosmer (214),series,196047,207415,06N02114,4946,34003,34200,22,horizon,S05IL003-003-5,,,39,63,Btx1,Btx1,,B,,1,,,0,,3455,06N02114,207415,HM,46235,3741,27465,15460,4299,817,8162,450,298175,125,3650,189,41,,,,,,,,,,,,,,,,,,,,,,,602453,1164797,5248146,NHDFlowline,4.595400000000000,12/5/2005 0:00
406,0,602,1,768,0,602,34003,429392,S2005IL003003,12/5/2005,37.248611500000003,-89.3777771,US,United States,IL,Illinois,IL003,Alexander,115B,"Central Mississippi Valley Wooded Slopes, Western Part",IL003,"Alexander County, Illinois",,,R09F08,Shawnee National Forest,Hosmer (214),Hosmer (214),series,196048,207416,06N02115,4946,34003,34200,23,horizon,S05IL003-003-6,,,63,106,Btx2,Btx2,,B,,2,,,0,,3456,06N02115,207416,HM,55641,5068,29043,18378,5245,1141,10042,480,348293,162,4404,237,41,,,,,,,,,,,,,,,,,,,,,,,602453,1164797,5248146,NHDFlowline,4.595400000000000,12/5/2005 0:00
407,0,603,1,769,0,603,34003,429392,S2005IL003003,12/5/2005,37.248611500000003,-89.3777771,US,United States,IL,Illinois,IL003,Alexander,115B,"Central Mississippi Valley Wooded Slopes, Western Part",IL003,"Alexander County, Illinois",,,R09F08,Shawnee National Forest,Hosmer (214),Hosmer (214),series,196049,207417,06N02116,4946,34003,34200,24,horizon,S05IL003-003-7,,,106,151,Btx3,Btx3,,B,,3,,,0,,3457,06N02116,207417,HM,52009,5648,24890,18247,4993,613,9915,537,333910,161,3988,168,41,,,,,,,,,,,,,,,,,,,,,,,602453,1164797,5248146,NHDFlowline,4.595400000000000,12/5/2005 0:00
408,0,604,1,770,0,604,34003,429392,S2005IL003003,12/5/2005,37.248611500000003,-89.3777771,US,United States,IL,Illinois,IL003,Alexander,115B,"Central Mississippi Valley Wooded Slopes, Western Part",IL003,"Alexander County, Illinois",,,R09F08,Shawnee National Forest,Hosmer (214),Hosmer (214),series,196050,207418,06N02117,4946,34003,34200,25,horizon,S05IL003-003-8,,,151,213,B't,B't,,B,',,,,0,,3458,06N02117,207418,HM,54529,6931,26378,19523,4845,645,11519,698,391802,170,4747,282,41,,,,,,,,,,,,,,,,,,,,,,,602453,1164797,5248146,NHDFlowline,4.595400000000000,12/5/2005 0:00
409,0,608,1,771,0,608,33312,178560,Morgan 2nd transect 2nd pit - site,5/18/2005,37.360553699999997,-89.1061096,US,United States,IL,Illinois,IL181,Union,120,Kentucky and Indiana Sandstone and Shale Hills and Valleys,IL181,"Union County, Illinois",,,,,Hosmer (214),Hosmer (214),series,192140,202905,05N03435,4829,33312,33462,59,horizon,S05IL181-006-1,,,0,8,Ap,Ap,,A,,,,,0,Silt loam,3118,05N03435,202905,HM,47176,3149,23932,17037,3994,600,5493,581,360156,78,4209,188,81,,,,,,,,,,,,,,,,,,,,,,,199561,1164882,5247342,NHDFlowline,4.387500000000000,5/18/2005 0:00
410,0,609,1,772,0,609,33312,178560,Morgan 2nd transect 2nd pit - site,5/18/2005,37.360553699999997,-89.1061096,US,United States,IL,Illinois,IL181,Union,120,Kentucky and Indiana Sandstone and Shale Hills and Valleys,IL181,"Union County, Illinois",,,,,Hosmer (214),Hosmer (214),series,192141,202906,05N03436,4829,33312,33462,60,horizon,S05IL181-006-2,,,8,16,Bt1,Bt1,,B,,1,,,0,Silt loam,3119,05N03436,202906,HM,50478,3261,26939,17082,4224,599,5475,516,365013,79,4437,234,81,,,,,,,,,,,,,,,,,,,,,,,199561,1164882,5247342,NHDFlowline,4.387500000000000,5/18/2005 0:00
411,0,610,1,773,0,610,33312,178560,Morgan 2nd transect 2nd pit - site,5/18/2005,37.360553699999997,-89.1061096,US,United States,IL,Illinois,IL181,Union,120,Kentucky and Indiana Sandstone and Shale Hills and Valleys,IL181,"Union County, Illinois",,,,,Hosmer (214),Hosmer (214),series,192142,202907,05N03437,4829,33312,33462,61,horizon,S05IL181-006-3,,,16,25,Bt21,Bt21,,B,,21,,,0,Silty clay loam,3120,05N03437,202907,HM,54692,3400,30625,17464,4842,593,5580,544,364514,81,4434,221,81,,,,,,,,,,,,,,,,,,,,,,,199561,1164882,5247342,NHDFlowline,4.387500000000000,5/18/2005 0:00
412,0,611,1,774,0,611,33312,178560,Morgan 2nd transect 2nd pit - site,5/18/2005,37.360553699999997,-89.1061096,US,United States,IL,Illinois,IL181,Union,120,Kentucky and Indiana Sandstone and Shale Hills and Valleys,IL181,"Union County, Illinois",,,,,Hosmer (214),Hosmer (214),series,192143,202908,05N03438,4829,33312,33462,62,horizon,S05IL181-006-4,,,25,33,Bt22,Bt22,,B,,22,,,0,Silty clay loam,3121,05N03438,202908,HM,56458,2823,33807,17298,5293,653,5662,552,345623,76,4328,206,81,,,,,,,,,,,,,,,,,,,,,,,199561,1164882,5247342,NHDFlowline,4.387500000000000,5/18/2005 0:00
413,0,612,1,775,0,612,33312,178560,Morgan 2nd transect 2nd pit - site,5/18/2005,37.360553699999997,-89.1061096,US,United States,IL,Illinois,IL181,Union,120,Kentucky and Indiana Sandstone and Shale Hills and Valleys,IL181,"Union County, Illinois",,,,,Hosmer (214),Hosmer (214),series,192144,202909,05N03439,4829,33312,33462,63,horizon,S05IL181-006-5,,,33,44,Bt31,Bt31,,B,,31,,,0,Silty clay loam,3122,05N03439,202909,HM,54980,2217,32832,17340,5211,734,6103,526,347673,77,4327,205,81,,,,,,,,,,,,,,,,,,,,,,,199561,1164882,5247342,NHDFlowline,4.387500000000000,5/18/2005 0:00
414,0,613,1,776,0,613,33312,178560,Morgan 2nd transect 2nd pit - site,5/18/2005,37.360553699999997,-89.1061096,US,United States,IL,Illinois,IL181,Union,120,Kentucky and Indiana Sandstone and Shale Hills and Valleys,IL181,"Union County, Illinois",,,,,Hosmer (214),Hosmer (214),series,192145,202910,05N03440,4829,33312,33462,64,horizon,S05IL181-006-6,,,44,61,Bt32,Bt32,,B,,32,,,0,Silty clay loam,3123,05N03440,202910,HM,54228,2070,32447,17555,5113,947,6810,517,356113,86,4410,225,81,,,,,,,,,,,,,,,,,,,,,,,199561,1164882,5247342,NHDFlowline,4.387500000000000,5/18/2005 0:00
415,0,614,1,777,0,614,33312,178560,Morgan 2nd transect 2nd pit - site,5/18/2005,37.360553699999997,-89.1061096,US,United States,IL,Illinois,IL181,Union,120,Kentucky and Indiana Sandstone and Shale Hills and Valleys,IL181,"Union County, Illinois",,,,,Hosmer (214),Hosmer (214),series,192146,202911,05N03441,4829,33312,33462,65,horizon,S05IL181-006-7,,,61,76,Bt41,Bt41,,B,,41,,,0,Silty clay loam,3124,05N03441,202911,HM,52353,2107,31250,17741,5028,1078,7496,506,363525,93,4430,219,81,,,,,,,,,,,,,,,,,,,,,,,199561,1164882,5247342,NHDFlowline,4.387500000000000,5/18/2005 0:00
416,0,615,1,778,0,615,33312,178560,Morgan 2nd transect 2nd pit - site,5/18/2005,37.360553699999997,-89.1061096,US,United States,IL,Illinois,IL181,Union,120,Kentucky and Indiana Sandstone and Shale Hills and Valleys,IL181,"Union County, Illinois",,,,,Hosmer (214),Hosmer (214),series,192147,202912,05N03442,4829,33312,33462,66,horizon,S05IL181-006-8,,,76,96,Bt42,Bt42,,B,,42,,,0,Silty clay loam,3125,05N03442,202912,HM,48309,2338,28696,16213,4647,944,7418,413,328955,94,4131,222,81,,,,,,,,,,,,,,,,,,,,,,,199561,1164882,5247342,NHDFlowline,4.387500000000000,5/18/2005 0:00
417,0,616,1,779,0,616,33312,178560,Morgan 2nd transect 2nd pit - site,5/18/2005,37.360553699999997,-89.1061096,US,United States,IL,Illinois,IL181,Union,120,Kentucky and Indiana Sandstone and Shale Hills and Valleys,IL181,"Union County, Illinois",,,,,Hosmer (214),Hosmer (214),series,192148,202913,05N03443,4829,33312,33462,67,horizon,S05IL181-006-9,,,96,118,Btx11,Btx11,,B,,11,,,0,Silt loam,3126,05N03443,202913,HM,50389,3046,28223,16887,4992,439,8102,333,341585,111,4049,180,81,,,,,,,,,,,,,,,,,,,,,,,199561,1164882,5247342,NHDFlowline,4.387500000000000,5/18/2005 0:00
418,0,617,1,780,0,617,33312,178560,Morgan 2nd transect 2nd pit - site,5/18/2005,37.360553699999997,-89.1061096,US,United States,IL,Illinois,IL181,Union,120,Kentucky and Indiana Sandstone and Shale Hills and Valleys,IL181,"Union County, Illinois",,,,,Hosmer (214),Hosmer (214),series,192149,202914,05N03444,4829,33312,33462,68,horizon,S05IL181-006-10,,,118,143,Btx12,Btx12,,B,,12,,,0,Silt loam,3127,05N03444,202914,HM,49864,4247,27635,17499,4942,507,9356,302,391830,119,4344,225,81,,,,,,,,,,,,,,,,,,,,,,,199561,1164882,5247342,NHDFlowline,4.387500000000000,5/18/2005 0:00
419,0,618,1,781,0,618,33312,178560,Morgan 2nd transect 2nd pit - site,5/18/2005,37.360553699999997,-89.1061096,US,United States,IL,Illinois,IL181,Union,120,Kentucky and Indiana Sandstone and Shale Hills and Valleys,IL181,"Union County, Illinois",,,,,Hosmer (214),Hosmer (214),series,192150,202915,05N03445,4829,33312,33462,69,horizon,S05IL181-006-11,,,143,180,2Btx2,2Btx2,2,B,,2,,,0,Silt loam,3128,05N03445,202915,HM,46023,5464,25508,16829,4450,652,9865,508,386402,126,4199,249,81,,,,,,,,,,,,,,,,,,,,,,,199561,1164882,5247342,NHDFlowline,4.387500000000000,5/18/2005 0:00
420,0,619,1,782,0,619,33312,178560,Morgan 2nd transect 2nd pit - site,5/18/2005,37.360553699999997,-89.1061096,US,United States,IL,Illinois,IL181,Union,120,Kentucky and Indiana Sandstone and Shale Hills and Valleys,IL181,"Union County, Illinois",,,,,Hosmer (214),Hosmer (214),series,192151,202916,05N03446,4829,33312,33462,70,horizon,S05IL181-006-12,,,180,203,2Btx3,2Btx3,2,B,,3,,,0,Silt loam,3129,05N03446,202916,HM,43743,6233,23348,16888,4162,640,10132,558,373539,134,3816,240,81,,,,,,,,,,,,,,,,,,,,,,,199561,1164882,5247342,NHDFlowline,4.387500000000000,5/18/2005 0:00
421,0,620,1,783,0,620,33315,178571,Morgan - 2nd transect 3rd pit,5/18/2005,37.360553699999997,-89.1061096,US,United States,IL,Illinois,IL181,Union,120,Kentucky and Indiana Sandstone and Shale Hills and Valleys,IL181,"Union County, Illinois",,,,,Hosmer (214),Hosmer (214),series,192173,202938,05N03468,4829,33315,33465,92,horizon,S05IL181-009-1,,,0,12,Ap,Ap,,A,,,,,0,Silty clay loam,3151,05N03468,202938,HM,47758,2755,29301,16792,4359,625,6197,650,343654,85,4520,231,81,,,,,,,,,,,,,,,,,,,,,,,199561,1164882,5247342,NHDFlowline,4.387500000000000,5/18/2005 0:00
422,0,621,1,784,0,621,33315,178571,Morgan - 2nd transect 3rd pit,5/18/2005,37.360553699999997,-89.1061096,US,United States,IL,Illinois,IL181,Union,120,Kentucky and Indiana Sandstone and Shale Hills and Valleys,IL181,"Union County, Illinois",,,,,Hosmer (214),Hosmer (214),series,192174,202939,05N03469,4829,33315,33465,93,horizon,S05IL181-009-2,,,12,23,Bt1,Bt1,,B,,1,,,0,Silt loam,3152,05N03469,202939,HM,50680,2936,32884,17316,4528,443,7610,473,339158,94,4714,249,81,,,,,,,,,,,,,,,,,,,,,,,199561,1164882,5247342,NHDFlowline,4.387500000000000,5/18/2005 0:00
423,0,622,1,785,0,622,33315,178571,Morgan - 2nd transect 3rd pit,5/18/2005,37.360553699999997,-89.1061096,US,United States,IL,Illinois,IL181,Union,120,Kentucky and Indiana Sandstone and Shale Hills and Valleys,IL181,"Union County, Illinois",,,,,Hosmer (214),Hosmer (214),series,192175,202940,05N03470,4829,33315,33465,94,horizon,S05IL181-009-3,,,23,51,Bt2,Bt2,,B,,2,,,0,Silt loam,3153,05N03470,202940,HM,49397,2785,32825,16568,4083,346,8334,451,344582,102,4665,258,81,,,,,,,,,,,,,,,,,,,,,,,199561,1164882,5247342,NHDFlowline,4.387500000000000,5/18/2005 0:00
424,0,623,1,786,0,623,33315,178571,Morgan - 2nd transect 3rd pit,5/18/2005,37.360553699999997,-89.1061096,US,United States,IL,Illinois,IL181,Union,120,Kentucky and Indiana Sandstone and Shale Hills and Valleys,IL181,"Union County, Illinois",,,,,Hosmer (214),Hosmer (214),series,192176,202941,05N03471,4829,33315,33465,95,horizon,S05IL181-009-4,,,51,77,2Btx1,2Btx1,2,B,,1,,,0,Silt loam,3154,05N03471,202941,HM,50527,3395,32043,17235,4758,362,9520,428,349448,122,4582,243,81,,,,,,,,,,,,,,,,,,,,,,,199561,1164882,5247342,NHDFlowline,4.387500000000000,5/18/2005 0:00
425,0,624,1,787,0,624,33315,178571,Morgan - 2nd transect 3rd pit,5/18/2005,37.360553699999997,-89.1061096,US,United States,IL,Illinois,IL181,Union,120,Kentucky and Indiana Sandstone and Shale Hills and Valleys,IL181,"Union County, Illinois",,,,,Hosmer (214),Hosmer (214),series,192177,202942,05N03472,4829,33315,33465,96,horizon,S05IL181-009-5,,,77,96,2Btx2,2Btx2,2,B,,2,,,0,Silt loam,3155,05N03472,202942,HM,48712,3595,32025,17080,4679,272,9539,417,348235,118,4516,250,81,,,,,,,,,,,,,,,,,,,,,,,199561,1164882,5247342,NHDFlowline,4.387500000000000,5/18/2005 0:00
426,0,625,1,788,0,625,33315,178571,Morgan - 2nd transect 3rd pit,5/18/2005,37.360553699999997,-89.1061096,US,United States,IL,Illinois,IL181,Union,120,Kentucky and Indiana Sandstone and Shale Hills and Valleys,IL181,"Union County, Illinois",,,,,Hosmer (214),Hosmer (214),series,192178,202943,05N03473,4829,33315,33465,97,horizon,S05IL181-009-6,,,96,120,2Btx31,2Btx31,2,B,,31,,,0,Silt loam,3156,05N03473,202943,HM,43410,5011,27759,18124,4132,508,10752,447,351771,136,4188,258,81,,,,,,,,,,,,,,,,,,,,,,,199561,1164882,5247342,NHDFlowline,4.387500000000000,5/18/2005 0:00
427,0,626,1,789,0,626,33315,178571,Morgan - 2nd transect 3rd pit,5/18/2005,37.360553699999997,-89.1061096,US,United States,IL,Illinois,IL181,Union,120,Kentucky and Indiana Sandstone and Shale Hills and Valleys,IL181,"Union County, Illinois",,,,,Hosmer (214),Hosmer (214),series,192179,202944,05N03474,4829,33315,33465,98,horizon,S05IL181-009-7,,,120,135,2Btx32,2Btx32,,,,,,,0,Silt loam,3157,05N03474,202944,HM,47270,6507,24494,19123,4244,630,11189,479,355851,155,4191,274,81,,,,,,,,,,,,,,,,,,,,,,,199561,1164882,5247342,NHDFlowline,4.387500000000000,5/18/2005 0:00
428,0,627,1,790,0,627,33315,178571,Morgan - 2nd transect 3rd pit,5/18/2005,37.360553699999997,-89.1061096,US,United States,IL,Illinois,IL181,Union,120,Kentucky and Indiana Sandstone and Shale Hills and Valleys,IL181,"Union County, Illinois",,,,,Hosmer (214),Hosmer (214),series,192180,202945,05N03475,4829,33315,33465,99,horizon,S05IL181-009-8,,,135,171,2Btx4,2Btx4,2,B,,4,,,0,Silt loam,3158,05N03475,202945,HM,51945,5607,25863,17959,4407,694,9302,268,351335,137,4421,285,81,,,,,,,,,,,,,,,,,,,,,,,199561,1164882,5247342,NHDFlowline,4.387500000000000,5/18/2005 0:00
429,0,628,1,791,0,628,33315,178571,Morgan - 2nd transect 3rd pit,5/18/2005,37.360553699999997,-89.1061096,US,United States,IL,Illinois,IL181,Union,120,Kentucky and Indiana Sandstone and Shale Hills and Valleys,IL181,"Union County, Illinois",,,,,Hosmer (214),Hosmer (214),series,192181,202946,05N03476,4829,33315,33465,100,horizon,S05IL181-009-9,,,171,203,2Bx1,2Bx1,2,B,,1,,,0,Silt loam,3159,05N03476,202946,HM,50599,6052,24132,19058,4261,751,10533,331,360807,149,4569,285,81,,,,,,,,,,,,,,,,,,,,,,,199561,1164882,5247342,NHDFlowline,4.387500000000000,5/18/2005 0:00
430,0,629,1,792,0,629,33315,178571,Morgan - 2nd transect 3rd pit,5/18/2005,37.360553699999997,-89.1061096,US,United States,IL,Illinois,IL181,Union,120,Kentucky and Indiana Sandstone and Shale Hills and Valleys,IL181,"Union County, Illinois",,,,,Hosmer (214),Hosmer (214),series,192182,202947,05N03477,4829,33315,33465,101,horizon,S05IL181-009-10,,,203,228,3Btb1,3Btb1,3,B,,1,,,0,Silty clay loam,3160,05N03477,202947,HM,51897,5449,26722,17655,4373,718,8905,272,354338,132,4420,261,81,,,,,,,,,,,,,,,,,,,,,,,199561,1164882,5247342,NHDFlowline,4.387500000000000,5/18/2005 0:00
431,0,630,1,793,0,630,33315,178571,Morgan - 2nd transect 3rd pit,5/18/2005,37.360553699999997,-89.1061096,US,United States,IL,Illinois,IL181,Union,120,Kentucky and Indiana Sandstone and Shale Hills and Valleys,IL181,"Union County, Illinois",,,,,Hosmer (214),Hosmer (214),series,192183,202948,05N03478,4829,33315,33465,102,horizon,S05IL181-009-11,,,228,256,3Btx2,3Btx2,3,B,,2,,,0,Silty clay loam,3161,05N03478,202948,HM,50368,4640,26240,15478,3722,630,7348,232,356434,109,4520,274,81,,,,,,,,,,,,,,,,,,,,,,,199561,1164882,5247342,NHDFlowline,4.387500000000000,5/18/2005 0:00
432,0,631,1,794,0,631,33315,178571,Morgan - 2nd transect 3rd pit,5/18/2005,37.360553699999997,-89.1061096,US,United States,IL,Illinois,IL181,Union,120,Kentucky and Indiana Sandstone and Shale Hills and Valleys,IL181,"Union County, Illinois",,,,,Hosmer (214),Hosmer (214),series,192184,202949,05N03479,4829,33315,33465,103,reporting layer,S05IL181-009-12,,,228,256,,,,,,,,,0,,3162,05N03479,202949,HM,7030,710,4936,1921,490,121,951,91,409707,37,516,36,81,,,,,,,,,,,,,,,,,,,,,,,199561,1164882,5247342,NHDFlowline,4.387500000000000,5/18/2005 0:00
433,0,632,1,795,0,632,34004,429393,S2005IL003004,12/6/2005,37.248889900000002,-89.3775024,US,United States,IL,Illinois,IL003,Alexander,115B,"Central Mississippi Valley Wooded Slopes, Western Part",IL003,"Alexander County, Illinois",,,R09F08,Shawnee National Forest,Drury (taxadjunct)(75),Drury (taxadjunct)(75),taxadjunct,196052,207420,06N02119,4946,34004,34201,27,horizon,S05IL003-004-2,,,1,8,A11,A11,,A,,11,,,0,,3459,06N02119,207420,HM,41000,5686,17979,15711,3276,1261,7265,593,291471,114,3884,234,41,,,,,,,,,,,,,,,,,,,,,,,602453,1164797,5248146,NHDFlowline,4.595400000000000,12/6/2005 0:00
434,0,633,1,796,0,633,34004,429393,S2005IL003004,12/6/2005,37.248889900000002,-89.3775024,US,United States,IL,Illinois,IL003,Alexander,115B,"Central Mississippi Valley Wooded Slopes, Western Part",IL003,"Alexander County, Illinois",,,R09F08,Shawnee National Forest,Drury (taxadjunct)(75),Drury (taxadjunct)(75),taxadjunct,196053,207421,06N02120,4946,34004,34201,28,horizon,S05IL003-004-3,,,8,20,A12,A12,,A,,12,,,0,,3460,06N02120,207421,HM,47287,3934,21247,17624,3643,1162,8126,470,338344,112,4289,229,41,,,,,,,,,,,,,,,,,,,,,,,602453,1164797,5248146,NHDFlowline,4.595400000000000,12/6/2005 0:00
435,0,634,1,797,0,634,34004,429393,S2005IL003004,12/6/2005,37.248889900000002,-89.3775024,US,United States,IL,Illinois,IL003,Alexander,115B,"Central Mississippi Valley Wooded Slopes, Western Part",IL003,"Alexander County, Illinois",,,R09F08,Shawnee National Forest,Drury (taxadjunct)(75),Drury (taxadjunct)(75),taxadjunct,196054,207422,06N02121,4946,34004,34201,29,horizon,S05IL003-004-4,,,20,39,Bw11,Bw11,,B,,11,,,0,,3461,06N02121,207422,HM,48590,3479,21590,18008,3566,1263,8091,542,348430,110,4324,229,41,,,,,,,,,,,,,,,,,,,,,,,602453,1164797,5248146,NHDFlowline,4.595400000000000,12/6/2005 0:00
436,0,635,1,798,0,635,34004,429393,S2005IL003004,12/6/2005,37.248889900000002,-89.3775024,US,United States,IL,Illinois,IL003,Alexander,115B,"Central Mississippi Valley Wooded Slopes, Western Part",IL003,"Alexander County, Illinois",,,R09F08,Shawnee National Forest,Drury (taxadjunct)(75),Drury (taxadjunct)(75),taxadjunct,196055,207423,06N02122,4946,34004,34201,30,horizon,S05IL003-004-5,,,39,54,Bw12,Bw12,,B,,12,,,0,,3462,06N02122,207423,HM,46739,3268,19578,18026,3196,1581,8150,584,355183,110,4333,215,41,,,,,,,,,,,,,,,,,,,,,,,602453,1164797,5248146,NHDFlowline,4.595400000000000,12/6/2005 0:00
437,0,636,1,799,0,636,34004,429393,S2005IL003004,12/6/2005,37.248889900000002,-89.3775024,US,United States,IL,Illinois,IL003,Alexander,115B,"Central Mississippi Valley Wooded Slopes, Western Part",IL003,"Alexander County, Illinois",,,R09F08,Shawnee National Forest,Drury (taxadjunct)(75),Drury (taxadjunct)(75),taxadjunct,196056,207424,06N02123,4946,34004,34201,31,horizon,S05IL003-004-6,,,54,75,Bw2,Bw2,,B,,2,,,0,,3463,06N02123,207424,HM,45775,3330,18391,17790,2954,1970,8283,675,348435,110,4432,259,41,,,,,,,,,,,,,,,,,,,,,,,602453,1164797,5248146,NHDFlowline,4.595400000000000,12/6/2005 0:00
438,0,637,1,800,0,637,34004,429393,S2005IL003004,12/6/2005,37.248889900000002,-89.3775024,US,United States,IL,Illinois,IL003,Alexander,115B,"Central Mississippi Valley Wooded Slopes, Western Part",IL003,"Alexander County, Illinois",,,R09F08,Shawnee National Forest,Drury (taxadjunct)(75),Drury (taxadjunct)(75),taxadjunct,196057,207425,06N02124,4946,34004,34201,32,horizon,S05IL003-004-7,,,75,102,Bw31,Bw31,,B,,31,,,0,,3464,06N02124,207425,HM,45527,3118,18016,17925,2918,1307,8340,448,354598,108,3903,178,41,,,,,,,,,,,,,,,,,,,,,,,602453,1164797,5248146,NHDFlowline,4.595400000000000,12/6/2005 0:00
439,0,638,1,801,0,638,34004,429393,S2005IL003004,12/6/2005,37.248889900000002,-89.3775024,US,United States,IL,Illinois,IL003,Alexander,115B,"Central Mississippi Valley Wooded Slopes, Western Part",IL003,"Alexander County, Illinois",,,R09F08,Shawnee National Forest,Drury (taxadjunct)(75),Drury (taxadjunct)(75),taxadjunct,196058,207426,06N02125,4946,34004,34201,33,horizon,S05IL003-004-8,,,102,125,Bw32,Bw32,,B,,32,,,0,,3465,06N02125,207426,HM,53266,2953,24960,17989,4085,759,7604,542,345276,102,4099,191,41,,,,,,,,,,,,,,,,,,,,,,,602453,1164797,5248146,NHDFlowline,4.595400000000000,12/6/2005 0:00
440,0,639,1,802,0,639,34004,429393,S2005IL003004,12/6/2005,37.248889900000002,-89.3775024,US,United States,IL,Illinois,IL003,Alexander,115B,"Central Mississippi Valley Wooded Slopes, Western Part",IL003,"Alexander County, Illinois",,,R09F08,Shawnee National Forest,Drury (taxadjunct)(75),Drury (taxadjunct)(75),taxadjunct,196059,207427,06N02126,4946,34004,34201,34,horizon,S05IL003-004-9,,,125,161,2Btb11,2Btb11,2,B,,11,,,0,,3466,06N02126,207427,HM,56116,3410,29165,17405,4884,529,8957,536,332382,113,4317,242,41,,,,,,,,,,,,,,,,,,,,,,,602453,1164797,5248146,NHDFlowline,4.595400000000000,12/6/2005 0:00
441,0,640,1,803,0,640,34004,429393,S2005IL003004,12/6/2005,37.248889900000002,-89.3775024,US,United States,IL,Illinois,IL003,Alexander,115B,"Central Mississippi Valley Wooded Slopes, Western Part",IL003,"Alexander County, Illinois",,,R09F08,Shawnee National Forest,Drury (taxadjunct)(75),Drury (taxadjunct)(75),taxadjunct,196060,207428,06N02127,4946,34004,34201,35,horizon,S05IL003-004-10,,,161,200,2Btb12,2Btb12,2,B,,12,,,0,,3467,06N02127,207428,HM,53617,6042,26694,18765,4769,348,11046,515,341425,150,4100,247,41,,,,,,,,,,,,,,,,,,,,,,,602453,1164797,5248146,NHDFlowline,4.595400000000000,12/6/2005 0:00
442,0,641,1,804,0,641,34004,429393,S2005IL003004,12/6/2005,37.248889900000002,-89.3775024,US,United States,IL,Illinois,IL003,Alexander,115B,"Central Mississippi Valley Wooded Slopes, Western Part",IL003,"Alexander County, Illinois",,,R09F08,Shawnee National Forest,Drury (taxadjunct)(75),Drury (taxadjunct)(75),taxadjunct,196061,207429,06N02128,4946,34004,34201,36,horizon,S05IL003-004-11,,,130,155,,,,,,,,,0,,3468,06N02128,207429,HM,53547,2702,24573,17632,4510,178,8558,485,339535,103,4301,229,41,,,,,,,,,,,,,,,,,,,,,,,602453,1164797,5248146,NHDFlowline,4.595400000000000,12/6/2005 0:00
443,0,642,1,805,0,642,34004,429393,S2005IL003004,12/6/2005,37.248889900000002,-89.3775024,US,United States,IL,Illinois,IL003,Alexander,115B,"Central Mississippi Valley Wooded Slopes, Western Part",IL003,"Alexander County, Illinois",,,R09F08,Shawnee National Forest,Drury (taxadjunct)(75),Drury (taxadjunct)(75),taxadjunct,196062,207430,06N02129,4946,34004,34201,37,horizon,S05IL003-004-12,,,130,155,,,,,,,,,0,,3469,06N02129,207430,HM,53085,2717,25510,17823,4335,547,8638,495,342036,103,4096,191,41,,,,,,,,,,,,,,,,,,,,,,,602453,1164797,5248146,NHDFlowline,4.595400000000000,12/6/2005 0:00
444,0,643,1,806,0,643,33308,178553,Morgan Site 15,5/17/2005,37.359722099999999,-89.1063919,US,United States,IL,Illinois,IL181,Union,120,Kentucky and Indiana Sandstone and Shale Hills and Valleys,IL181,"Union County, Illinois",,,,,Bunkum (515),Bunkum (515),series,192095,202860,05N03390,4829,33308,33458,14,horizon,S05IL181-004-1,,,0,10,Ap,Ap,,A,,,,,0,Silt loam,3073,05N03390,202860,HM,45767,4193,23723,16922,4382,703,6690,642,353121,85,4326,225,81,,,,,,,,,,,,,,,,,,,,,,,199563,1164882,5247342,NHDFlowline,4.387500000000000,5/17/2005 0:00
445,0,644,1,807,0,644,33308,178553,Morgan Site 15,5/17/2005,37.359722099999999,-89.1063919,US,United States,IL,Illinois,IL181,Union,120,Kentucky and Indiana Sandstone and Shale Hills and Valleys,IL181,"Union County, Illinois",,,,,Bunkum (515),Bunkum (515),series,192117,202882,05N03391,4829,33308,33458,15,horizon,S05IL181-004-2,,,10,18,Bt1,Bt1,,B,,1,,,0,Silt loam,3074,05N03391,202882,HM,49128,3568,27119,16974,4540,680,6681,536,352449,89,4451,232,81,,,,,,,,,,,,,,,,,,,,,,,199563,1164882,5247342,NHDFlowline,4.387500000000000,5/17/2005 0:00
446,0,645,1,808,0,645,33308,178553,Morgan Site 15,5/17/2005,37.359722099999999,-89.1063919,US,United States,IL,Illinois,IL181,Union,120,Kentucky and Indiana Sandstone and Shale Hills and Valleys,IL181,"Union County, Illinois",,,,,Bunkum (515),Bunkum (515),series,192118,202883,05N03392,4829,33308,33458,16,horizon,S05IL181-004-3,,,18,25,Bt2,Bt2,,B,,2,,,0,Silty clay loam,3075,05N03392,202883,HM,50235,3673,28661,16737,4604,732,6980,460,340782,99,4490,249,81,,,,,,,,,,,,,,,,,,,,,,,199563,1164882,5247342,NHDFlowline,4.387500000000000,5/17/2005 0:00
447,0,646,1,809,0,646,33308,178553,Morgan Site 15,5/17/2005,37.359722099999999,-89.1063919,US,United States,IL,Illinois,IL181,Union,120,Kentucky and Indiana Sandstone and Shale Hills and Valleys,IL181,"Union County, Illinois",,,,,Bunkum (515),Bunkum (515),series,192119,202884,05N03393,4829,33308,33458,17,horizon,S05IL181-004-4,,,25,33,Bt3,Bt3,,B,,3,,,0,Silt loam,3076,05N03393,202884,HM,52552,3971,29349,17460,4992,872,7322,454,356945,108,4516,218,81,,,,,,,,,,,,,,,,,,,,,,,199563,1164882,5247342,NHDFlowline,4.387500000000000,5/17/2005 0:00
448,0,647,1,810,0,647,33308,178553,Morgan Site 15,5/17/2005,37.359722099999999,-89.1063919,US,United States,IL,Illinois,IL181,Union,120,Kentucky and Indiana Sandstone and Shale Hills and Valleys,IL181,"Union County, Illinois",,,,,Bunkum (515),Bunkum (515),series,192120,202885,05N03394,4829,33308,33458,18,horizon,S05IL181-004-5,,,33,49,Btg1,Btg1,,B,,1,,,0,Silt loam,3077,05N03394,202885,HM,54952,5142,32080,17832,5891,1413,8595,416,344158,135,4339,222,81,,,,,,,,,,,,,,,,,,,,,,,199563,1164882,5247342,NHDFlowline,4.387500000000000,5/17/2005 0:00
449,0,648,1,811,0,648,33308,178553,Morgan Site 15,5/17/2005,37.359722099999999,-89.1063919,US,United States,IL,Illinois,IL181,Union,120,Kentucky and Indiana Sandstone and Shale Hills and Valleys,IL181,"Union County, Illinois",,,,,Bunkum (515),Bunkum (515),series,192121,202886,05N03395,4829,33308,33458,19,horizon,S05IL181-004-6,,,49,70,Btg2,Btg2,,B,,2,,,0,Silt loam,3078,05N03395,202886,HM,52626,6489,30377,18028,5952,1254,9053,462,344118,144,4463,248,81,,,,,,,,,,,,,,,,,,,,,,,199563,1164882,5247342,NHDFlowline,4.387500000000000,5/17/2005 0:00
450,0,649,1,812,0,649,33308,178553,Morgan Site 15,5/17/2005,37.359722099999999,-89.1063919,US,United States,IL,Illinois,IL181,Union,120,Kentucky and Indiana Sandstone and Shale Hills and Valleys,IL181,"Union County, Illinois",,,,,Bunkum (515),Bunkum (515),series,192122,202887,05N03396,4829,33308,33458,20,horizon,S05IL181-004-7,,,70,93,Btg3,Btg3,,B,,3,,,0,Silt loam,3079,05N03396,202887,HM,54973,6401,31377,19089,6347,1050,9452,566,357295,148,4574,231,81,,,,,,,,,,,,,,,,,,,,,,,199563,1164882,5247342,NHDFlowline,4.387500000000000,5/17/2005 0:00
451,0,650,1,813,0,650,33308,178553,Morgan Site 15,5/17/2005,37.359722099999999,-89.1063919,US,United States,IL,Illinois,IL181,Union,120,Kentucky and Indiana Sandstone and Shale Hills and Valleys,IL181,"Union County, Illinois",,,,,Bunkum (515),Bunkum (515),series,192123,202888,05N03397,4829,33308,33458,21,horizon,S05IL181-004-8,,,93,108,Btg4,Btg4,,B,,4,,,0,Silt loam,3080,05N03397,202888,HM,52955,7020,29881,19057,5888,1014,9771,570,359693,150,4631,249,81,,,,,,,,,,,,,,,,,,,,,,,199563,1164882,5247342,NHDFlowline,4.387500000000000,5/17/2005 0:00
452,0,651,1,814,0,651,33308,178553,Morgan Site 15,5/17/2005,37.359722099999999,-89.1063919,US,United States,IL,Illinois,IL181,Union,120,Kentucky and Indiana Sandstone and Shale Hills and Valleys,IL181,"Union County, Illinois",,,,,Bunkum (515),Bunkum (515),series,192124,202889,05N03398,4829,33308,33458,22,horizon,S05IL181-004-9,,,108,128,2Bw1,2Bw1,2,B,,1,,,0,Silt loam,3081,05N03398,202889,HM,50843,6895,28614,18339,5420,804,10097,576,360818,150,4586,245,81,,,,,,,,,,,,,,,,,,,,,,,199563,1164882,5247342,NHDFlowline,4.387500000000000,5/17/2005 0:00
453,0,652,1,815,0,652,33308,178553,Morgan Site 15,5/17/2005,37.359722099999999,-89.1063919,US,United States,IL,Illinois,IL181,Union,120,Kentucky and Indiana Sandstone and Shale Hills and Valleys,IL181,"Union County, Illinois",,,,,Bunkum (515),Bunkum (515),series,192125,202890,05N03399,4829,33308,33458,23,horizon,S05IL181-004-10,,,128,147,2Bw2,2Bw2,2,B,,2,,,0,Silt loam,3082,05N03399,202890,HM,50198,7079,28090,18583,5273,750,10523,609,361360,153,4704,264,81,,,,,,,,,,,,,,,,,,,,,,,199563,1164882,5247342,NHDFlowline,4.387500000000000,5/17/2005 0:00
454,0,653,1,816,0,653,33308,178553,Morgan Site 15,5/17/2005,37.359722099999999,-89.1063919,US,United States,IL,Illinois,IL181,Union,120,Kentucky and Indiana Sandstone and Shale Hills and Valleys,IL181,"Union County, Illinois",,,,,Bunkum (515),Bunkum (515),series,192126,202891,05N03400,4829,33308,33458,24,horizon,S05IL181-004-11,,,147,175,2Bw3,2Bw3,2,B,,3,,,0,Silt loam,3083,05N03400,202891,HM,50244,7944,27544,18813,5126,767,10834,639,358896,159,4548,276,81,,,,,,,,,,,,,,,,,,,,,,,199563,1164882,5247342,NHDFlowline,4.387500000000000,5/17/2005 0:00
455,0,654,1,817,0,654,33308,178553,Morgan Site 15,5/17/2005,37.359722099999999,-89.1063919,US,United States,IL,Illinois,IL181,Union,120,Kentucky and Indiana Sandstone and Shale Hills and Valleys,IL181,"Union County, Illinois",,,,,Bunkum (515),Bunkum (515),series,192127,202892,05N03401,4829,33308,33458,25,horizon,S05IL181-004-12,,,175,200,2Bw4,2Bw4,2,B,,4,,,0,Silt loam,3084,05N03401,202892,HM,50464,8629,26478,19820,5089,803,11278,659,363424,166,4372,283,81,,,,,,,,,,,,,,,,,,,,,,,199563,1164882,5247342,NHDFlowline,4.387500000000000,5/17/2005 0:00
456,0,655,1,818,0,655,34002,429391,S2005IL003002,12/5/2005,37.248611500000003,-89.3777771,US,United States,IL,Illinois,IL003,Alexander,115B,"Central Mississippi Valley Wooded Slopes, Western Part",IL003,"Alexander County, Illinois",,,R09F08,Shawnee National Forest,Winfield (477),Winfield (477),series,196036,207404,06N02103,4946,34002,34199,11,horizon,S05IL003-002-2,,,1,7,A1,A1,,A,,1,,,0,,3445,06N02103,207404,HM,39685,4235,16444,15692,3126,1063,6278,488,298351,107,3725,214,41,,,,,,,,,,,,,,,,,,,,,,,602453,1164797,5248146,NHDFlowline,4.595400000000000,12/5/2005 0:00
457,0,656,1,819,0,656,34002,429391,S2005IL003002,12/5/2005,37.248611500000003,-89.3777771,US,United States,IL,Illinois,IL003,Alexander,115B,"Central Mississippi Valley Wooded Slopes, Western Part",IL003,"Alexander County, Illinois",,,R09F08,Shawnee National Forest,Winfield (477),Winfield (477),series,196037,207405,06N02104,4946,34002,34199,12,horizon,S05IL003-002-3,,,7,18,A2,A2,,A,,2,,,0,,3446,06N02104,207405,HM,55320,3405,25230,19219,4238,1087,7641,528,396807,113,4672,238,41,,,,,,,,,,,,,,,,,,,,,,,602453,1164797,5248146,NHDFlowline,4.595400000000000,12/5/2005 0:00
458,0,657,1,820,0,657,34002,429391,S2005IL003002,12/5/2005,37.248611500000003,-89.3777771,US,United States,IL,Illinois,IL003,Alexander,115B,"Central Mississippi Valley Wooded Slopes, Western Part",IL003,"Alexander County, Illinois",,,R09F08,Shawnee National Forest,Winfield (477),Winfield (477),series,196038,207406,06N02105,4946,34002,34199,13,horizon,S05IL003-002-4,,,18,37,Bt1,Bt1,,B,,1,,,0,,3447,06N02105,207406,HM,62191,3100,33990,19632,5533,969,7633,688,381799,109,4685,267,41,,,,,,,,,,,,,,,,,,,,,,,602453,1164797,5248146,NHDFlowline,4.595400000000000,12/5/2005 0:00
459,0,658,1,821,0,658,34002,429391,S2005IL003002,12/5/2005,37.248611500000003,-89.3777771,US,United States,IL,Illinois,IL003,Alexander,115B,"Central Mississippi Valley Wooded Slopes, Western Part",IL003,"Alexander County, Illinois",,,R09F08,Shawnee National Forest,Winfield (477),Winfield (477),series,196039,207407,06N02106,4946,34002,34199,14,horizon,S05IL003-002-5,,,37,67,Bt2,Bt2,,B,,2,,,0,,3448,06N02106,207407,HM,56215,2818,30018,18421,5324,819,7508,557,326287,109,4120,204,41,,,,,,,,,,,,,,,,,,,,,,,602453,1164797,5248146,NHDFlowline,4.595400000000000,12/5/2005 0:00
460,0,659,1,822,0,659,34002,429391,S2005IL003002,12/5/2005,37.248611500000003,-89.3777771,US,United States,IL,Illinois,IL003,Alexander,115B,"Central Mississippi Valley Wooded Slopes, Western Part",IL003,"Alexander County, Illinois",,,R09F08,Shawnee National Forest,Winfield (477),Winfield (477),series,196040,207408,06N02107,4946,34002,34199,15,horizon,S05IL003-002-6,,,67,121,Bt3,Bt3,,B,,3,,,0,,3449,06N02107,207408,HM,49812,2855,26575,16623,4747,659,7516,478,297626,107,3712,184,41,,,,,,,,,,,,,,,,,,,,,,,602453,1164797,5248146,NHDFlowline,4.595400000000000,12/5/2005 0:00
461,0,660,1,823,0,660,34002,429391,S2005IL003002,12/5/2005,37.248611500000003,-89.3777771,US,United States,IL,Illinois,IL003,Alexander,115B,"Central Mississippi Valley Wooded Slopes, Western Part",IL003,"Alexander County, Illinois",,,R09F08,Shawnee National Forest,Winfield (477),Winfield (477),series,196041,207409,06N02108,4946,34002,34199,16,horizon,S05IL003-002-7,,,121,159,Btx1,Btx1,,B,,1,,,0,,3450,06N02108,207409,HM,53481,3442,28130,17762,5110,805,8415,519,318326,124,3969,200,41,,,,,,,,,,,,,,,,,,,,,,,602453,1164797,5248146,NHDFlowline,4.595400000000000,12/5/2005 0:00
462,0,661,1,824,0,661,34002,429391,S2005IL003002,12/5/2005,37.248611500000003,-89.3777771,US,United States,IL,Illinois,IL003,Alexander,115B,"Central Mississippi Valley Wooded Slopes, Western Part",IL003,"Alexander County, Illinois",,,R09F08,Shawnee National Forest,Winfield (477),Winfield (477),series,196042,207410,06N02109,4946,34002,34199,17,horizon,S05IL003-002-8,,,159,204,Btx2,Btx2,,B,,2,,,0,,3451,06N02109,207410,HM,52253,3918,27821,16992,4986,1245,8565,514,309339,137,3622,155,41,,,,,,,,,,,,,,,,,,,,,,,602453,1164797,5248146,NHDFlowline,4.595400000000000,12/5/2005 0:00
463,0,662,1,825,0,662,33309,178555,Morgan Site 7,5/16/2005,37.359165200000000,-89.1061096,US,United States,IL,Illinois,IL181,Union,120,Kentucky and Indiana Sandstone and Shale Hills and Valleys,IL181,"Union County, Illinois",,,,,Hosmer (214),Hosmer (214),series,192096,202861,05N03402,4829,33309,33459,26,horizon,S05IL181-002-1,,,0,12,Ap,Ap,,A,,,,,0,Silty clay loam,3085,05N03402,202861,HM,50182,2323,27981,16348,4353,620,5493,591,343354,84,4412,251,81,,,,,,,,,,,,,,,,,,,,,,,199561,1164882,5247342,NHDFlowline,4.387500000000000,5/16/2005 0:00
464,0,663,1,826,0,663,33309,178555,Morgan Site 7,5/16/2005,37.359165200000000,-89.1061096,US,United States,IL,Illinois,IL181,Union,120,Kentucky and Indiana Sandstone and Shale Hills and Valleys,IL181,"Union County, Illinois",,,,,Hosmer (214),Hosmer (214),series,192097,202862,05N03403,4829,33309,33459,27,horizon,S05IL181-002-2,,,12,22,Bt1,Bt1,,B,,1,,,0,Silty clay loam,3086,05N03403,202862,HM,51539,2185,29705,16497,4532,644,5503,575,342637,82,4500,251,81,,,,,,,,,,,,,,,,,,,,,,,199561,1164882,5247342,NHDFlowline,4.387500000000000,5/16/2005 0:00
465,0,664,1,827,0,664,33309,178555,Morgan Site 7,5/16/2005,37.359165200000000,-89.1061096,US,United States,IL,Illinois,IL181,Union,120,Kentucky and Indiana Sandstone and Shale Hills and Valleys,IL181,"Union County, Illinois",,,,,Hosmer (214),Hosmer (214),series,192098,202863,05N03404,4829,33309,33459,28,horizon,S05IL181-002-3,,,22,37,Bt2,Bt2,,B,,2,,,0,Silty clay loam,3087,05N03404,202863,HM,54620,2014,32743,16617,5081,762,6185,573,341996,88,4407,230,81,,,,,,,,,,,,,,,,,,,,,,,199561,1164882,5247342,NHDFlowline,4.387500000000000,5/16/2005 0:00
466,0,665,1,828,0,665,33309,178555,Morgan Site 7,5/16/2005,37.359165200000000,-89.1061096,US,United States,IL,Illinois,IL181,Union,120,Kentucky and Indiana Sandstone and Shale Hills and Valleys,IL181,"Union County, Illinois",,,,,Hosmer (214),Hosmer (214),series,192099,202864,05N03405,4829,33309,33459,29,horizon,S05IL181-002-4,,,37,55,Bt3,Bt3,,B,,3,,,0,Silty clay loam,3088,05N03405,202864,HM,54986,1999,32102,16765,5256,931,6645,555,338891,94,4374,229,81,,,,,,,,,,,,,,,,,,,,,,,199561,1164882,5247342,NHDFlowline,4.387500000000000,5/16/2005 0:00
467,0,666,1,829,0,666,33309,178555,Morgan Site 7,5/16/2005,37.359165200000000,-89.1061096,US,United States,IL,Illinois,IL181,Union,120,Kentucky and Indiana Sandstone and Shale Hills and Valleys,IL181,"Union County, Illinois",,,,,Hosmer (214),Hosmer (214),series,192100,202865,05N03406,4829,33309,33459,30,horizon,S05IL181-002-5,,,55,78,Bt4,Bt4,,B,,4,,,0,Silt loam,3089,05N03406,202865,HM,52548,2152,30431,16896,5008,1086,7290,515,338325,101,4416,232,81,,,,,,,,,,,,,,,,,,,,,,,199561,1164882,5247342,NHDFlowline,4.387500000000000,5/16/2005 0:00
468,0,667,1,830,0,667,33309,178555,Morgan Site 7,5/16/2005,37.359165200000000,-89.1061096,US,United States,IL,Illinois,IL181,Union,120,Kentucky and Indiana Sandstone and Shale Hills and Valleys,IL181,"Union County, Illinois",,,,,Hosmer (214),Hosmer (214),series,192101,202866,05N03407,4829,33309,33459,31,horizon,S05IL181-002-6,,,78,93,Bt5,Bt5,,B,,5,,,0,Silt loam,3090,05N03407,202866,HM,44571,3379,29760,16306,4105,675,7996,443,329950,89,4377,263,81,,,,,,,,,,,,,,,,,,,,,,,199561,1164882,5247342,NHDFlowline,4.387500000000000,5/16/2005 0:00
469,0,668,1,831,0,668,33309,178555,Morgan Site 7,5/16/2005,37.359165200000000,-89.1061096,US,United States,IL,Illinois,IL181,Union,120,Kentucky and Indiana Sandstone and Shale Hills and Valleys,IL181,"Union County, Illinois",,,,,Hosmer (214),Hosmer (214),series,192102,202867,05N03408,4829,33309,33459,32,horizon,S05IL181-002-7,,,93,122,2Btx1,2Btx1,2,B,,1,,,0,Silt loam,3091,05N03408,202867,HM,49373,4066,28105,17303,4773,564,8673,378,336226,113,4330,247,81,,,,,,,,,,,,,,,,,,,,,,,199561,1164882,5247342,NHDFlowline,4.387500000000000,5/16/2005 0:00
470,0,669,1,832,0,669,33309,178555,Morgan Site 7,5/16/2005,37.359165200000000,-89.1061096,US,United States,IL,Illinois,IL181,Union,120,Kentucky and Indiana Sandstone and Shale Hills and Valleys,IL181,"Union County, Illinois",,,,,Hosmer (214),Hosmer (214),series,192103,202868,05N03409,4829,33309,33459,33,horizon,S05IL181-002-8,,,122,140,2Btx1,2Btx1,2,B,,1,,,0,Silt loam,3092,05N03409,202868,HM,48439,5107,27278,17490,4704,626,9718,360,346776,131,4453,261,81,,,,,,,,,,,,,,,,,,,,,,,199561,1164882,5247342,NHDFlowline,4.387500000000000,5/16/2005 0:00
471,0,670,1,833,0,670,33309,178555,Morgan Site 7,5/16/2005,37.359165200000000,-89.1061096,US,United States,IL,Illinois,IL181,Union,120,Kentucky and Indiana Sandstone and Shale Hills and Valleys,IL181,"Union County, Illinois",,,,,Hosmer (214),Hosmer (214),series,192104,202869,05N03410,4829,33309,33459,34,horizon,S05IL181-002-9,,,140,166,2Btx2,2Btx2,2,B,,2,,,0,Silt loam,3093,05N03410,202869,HM,48694,6433,26797,18341,4832,710,10615,505,352434,151,4325,250,81,,,,,,,,,,,,,,,,,,,,,,,199561,1164882,5247342,NHDFlowline,4.387500000000000,5/16/2005 0:00
472,0,671,1,834,0,671,33309,178555,Morgan Site 7,5/16/2005,37.359165200000000,-89.1061096,US,United States,IL,Illinois,IL181,Union,120,Kentucky and Indiana Sandstone and Shale Hills and Valleys,IL181,"Union County, Illinois",,,,,Hosmer (214),Hosmer (214),series,192105,202870,05N03411,4829,33309,33459,35,horizon,S05IL181-002-10,,,166,203,2Btx3,2Btx3,,,,,,,0,Silt loam,3094,05N03411,202870,HM,49034,7456,24783,19204,4796,811,11184,520,355417,164,4119,260,81,,,,,,,,,,,,,,,,,,,,,,,199561,1164882,5247342,NHDFlowline,4.387500000000000,5/16/2005 0:00
473,0,672,1,835,0,672,34060,981425,Morgan Pond Hole 52,6/4/2007,37.361030599999999,-89.1065389,US,United States,IL,Illinois,IL181,Union,,,IL181,"Union County, Illinois",,,,,,,,196258,207626,07N03315,4948,34060,34257,4,horizon,S07IL181-061-1,,,0,25,,,,,,,,,0,,4044,07N03315,207626,HM,41385,5801,18177,15341,3133,843,8155,531,320776,108,4212,244,81,,,,,,,,,,,,,,,,,,,,,,,199572,1164882,5247342,NHDFlowline,4.387500000000000,6/4/2007 0:00
474,0,673,1,836,0,673,34060,981425,Morgan Pond Hole 52,6/4/2007,37.361030599999999,-89.1065389,US,United States,IL,Illinois,IL181,Union,,,IL181,"Union County, Illinois",,,,,,,,196259,207627,07N03316,4948,34060,34257,5,horizon,S07IL181-061-2,,,25,51,,,,,,,,,0,,4045,07N03316,207627,HM,49430,5029,28112,16665,4049,1406,7607,737,349071,101,4592,273,81,,,,,,,,,,,,,,,,,,,,,,,199572,1164882,5247342,NHDFlowline,4.387500000000000,6/4/2007 0:00
475,0,674,1,837,0,674,34060,981425,Morgan Pond Hole 52,6/4/2007,37.361030599999999,-89.1065389,US,United States,IL,Illinois,IL181,Union,,,IL181,"Union County, Illinois",,,,,,,,196260,207628,07N03317,4948,34060,34257,6,horizon,S07IL181-061-3,,,51,76,,,,,,,,,0,,4046,07N03317,207628,HM,53901,5014,34550,17251,4445,2246,7489,908,332643,100,4603,245,81,,,,,,,,,,,,,,,,,,,,,,,199572,1164882,5247342,NHDFlowline,4.387500000000000,6/4/2007 0:00
476,0,690,1,838,0,690,34006,194804,05IL003006,12/6/2005,37.249722200000001,-89.3763889,US,United States,IL,Illinois,IL003,Alexander,115B,"Central Mississippi Valley Wooded Slopes, Western Part",IL003,"Alexander County, Illinois",,,R09F08,Shawnee National Forest,Winfield (477),Winfield (477),series,196073,207441,06N02140,4946,34006,34203,48,horizon,S05IL003-006-2,,,1,8,A,A,,A,,,,,0,,3478,06N02140,207441,HM,44591,9432,21304,15991,4203,922,6582,833,304476,154,3815,219,41,,,,,,,,,,,,,,,,,,,,,,,602331,1164797,5248146,NHDFlowline,4.595400000000000,12/6/2005 0:00
477,0,691,1,839,0,691,34006,194804,05IL003006,12/6/2005,37.249722200000001,-89.3763889,US,United States,IL,Illinois,IL003,Alexander,115B,"Central Mississippi Valley Wooded Slopes, Western Part",IL003,"Alexander County, Illinois",,,R09F08,Shawnee National Forest,Winfield (477),Winfield (477),series,196074,207442,06N02141,4946,34006,34203,49,horizon,S05IL003-006-3,,,8,14,Bt11,Bt11,,B,,11,,,0,,3479,06N02141,207442,HM,44698,3905,21910,16126,3474,842,6744,580,315810,101,4061,255,41,,,,,,,,,,,,,,,,,,,,,,,602331,1164797,5248146,NHDFlowline,4.595400000000000,12/6/2005 0:00
478,0,692,1,840,0,692,34006,194804,05IL003006,12/6/2005,37.249722200000001,-89.3763889,US,United States,IL,Illinois,IL003,Alexander,115B,"Central Mississippi Valley Wooded Slopes, Western Part",IL003,"Alexander County, Illinois",,,R09F08,Shawnee National Forest,Winfield (477),Winfield (477),series,196075,207443,06N02142,4946,34006,34203,50,horizon,S05IL003-006-4,,,14,28,Bt12,Bt12,,B,,12,,,0,,3480,06N02142,207443,HM,57579,3571,29206,18558,5004,675,7698,621,351940,112,4140,185,41,,,,,,,,,,,,,,,,,,,,,,,602331,1164797,5248146,NHDFlowline,4.595400000000000,12/6/2005 0:00
479,0,693,1,841,0,693,34006,194804,05IL003006,12/6/2005,37.249722200000001,-89.3763889,US,United States,IL,Illinois,IL003,Alexander,115B,"Central Mississippi Valley Wooded Slopes, Western Part",IL003,"Alexander County, Illinois",,,R09F08,Shawnee National Forest,Winfield (477),Winfield (477),series,196076,207444,06N02143,4946,34006,34203,51,horizon,S05IL003-006-5,,,28,56,Bt2,Bt2,,B,,2,,,0,,3481,06N02143,207444,HM,59118,3467,31682,18424,5342,442,8402,573,332237,116,4349,238,41,,,,,,,,,,,,,,,,,,,,,,,602331,1164797,5248146,NHDFlowline,4.595400000000000,12/6/2005 0:00
480,0,694,1,842,0,694,34006,194804,05IL003006,12/6/2005,37.249722200000001,-89.3763889,US,United States,IL,Illinois,IL003,Alexander,115B,"Central Mississippi Valley Wooded Slopes, Western Part",IL003,"Alexander County, Illinois",,,R09F08,Shawnee National Forest,Winfield (477),Winfield (477),series,196077,207445,06N02144,4946,34006,34203,52,horizon,S05IL003-006-6,,,56,70,Bt3,Bt3,,B,,3,,,0,,3482,06N02144,207445,HM,56423,4362,31329,18271,5316,506,9269,446,339779,135,4328,239,41,,,,,,,,,,,,,,,,,,,,,,,602331,1164797,5248146,NHDFlowline,4.595400000000000,12/6/2005 0:00
481,0,695,1,843,0,695,34006,194804,05IL003006,12/6/2005,37.249722200000001,-89.3763889,US,United States,IL,Illinois,IL003,Alexander,115B,"Central Mississippi Valley Wooded Slopes, Western Part",IL003,"Alexander County, Illinois",,,R09F08,Shawnee National Forest,Winfield (477),Winfield (477),series,196078,207446,06N02145,4946,34006,34203,53,horizon,S05IL003-006-7,,,70,102,Bt4,Bt4,,B,,4,,,0,,3483,06N02145,207446,HM,55169,5176,29260,17747,5339,1147,9610,552,332539,157,3931,190,41,,,,,,,,,,,,,,,,,,,,,,,602331,1164797,5248146,NHDFlowline,4.595400000000000,12/6/2005 0:00
482,0,696,1,844,0,696,34006,194804,05IL003006,12/6/2005,37.249722200000001,-89.3763889,US,United States,IL,Illinois,IL003,Alexander,115B,"Central Mississippi Valley Wooded Slopes, Western Part",IL003,"Alexander County, Illinois",,,R09F08,Shawnee National Forest,Winfield (477),Winfield (477),series,196079,207447,06N02146,4946,34006,34203,54,horizon,S05IL003-006-8,,,102,130,Bt51,Bt51,,B,,51,,,0,,3484,06N02146,207447,HM,53241,5902,30434,18033,4886,1584,10259,650,347451,162,4396,271,41,,,,,,,,,,,,,,,,,,,,,,,602331,1164797,5248146,NHDFlowline,4.595400000000000,12/6/2005 0:00
483,0,697,1,845,0,697,34006,194804,05IL003006,12/6/2005,37.249722200000001,-89.3763889,US,United States,IL,Illinois,IL003,Alexander,115B,"Central Mississippi Valley Wooded Slopes, Western Part",IL003,"Alexander County, Illinois",,,R09F08,Shawnee National Forest,Winfield (477),Winfield (477),series,196080,207448,06N02147,4946,34006,34203,55,horizon,S05IL003-006-9,,,130,160,Bt52,Bt52,,B,,52,,,0,,3485,06N02147,207448,HM,56003,6998,27821,19981,5382,671,11317,636,365738,176,4811,286,41,,,,,,,,,,,,,,,,,,,,,,,602331,1164797,5248146,NHDFlowline,4.595400000000000,12/6/2005 0:00
484,0,698,1,846,0,698,34006,194804,05IL003006,12/6/2005,37.249722200000001,-89.3763889,US,United States,IL,Illinois,IL003,Alexander,115B,"Central Mississippi Valley Wooded Slopes, Western Part",IL003,"Alexander County, Illinois",,,R09F08,Shawnee National Forest,Winfield (477),Winfield (477),series,196081,207449,06N02148,4946,34006,34203,56,horizon,S05IL003-006-10,,,160,203,Bt6,Bt6,,B,,6,,,0,,3486,06N02148,207449,HM,54533,6970,27631,19536,5053,667,11278,629,363344,171,4803,301,41,,,,,,,,,,,,,,,,,,,,,,,602331,1164797,5248146,NHDFlowline,4.595400000000000,12/6/2005 0:00
485,0,699,1,847,0,699,34006,194804,05IL003006,12/6/2005,37.249722200000001,-89.3763889,US,United States,IL,Illinois,IL003,Alexander,115B,"Central Mississippi Valley Wooded Slopes, Western Part",IL003,"Alexander County, Illinois",,,R09F08,Shawnee National Forest,Winfield (477),Winfield (477),series,196082,207450,06N02149,4946,34006,34203,57,horizon,S05IL003-006-11,,,203,237,Bt7,Bt7,,B,,7,,,0,,3487,06N02149,207450,HM,52103,6801,26250,20058,3320,611,11674,698,407343,173,4869,315,41,,,,,,,,,,,,,,,,,,,,,,,602331,1164797,5248146,NHDFlowline,4.595400000000000,12/6/2005 0:00
486,0,708,1,848,0,708,38924,298500,S2008IL163001,5/5/2008,38.238609300000000,-89.7886124,US,United States,IL,Illinois,IL163,St. Clair,114B,"Southern Illinois and Indiana Thin Loess and Till Plain, Western Part",IL163,"St. Clair County, Illinois",,,,,Lenzburg,Lenzburg,series,229317,15741908,08N03407,5182,38924,39541,29,horizon,S08IL163-001-1,,,0,8,Ap,Ap,,A,,,,,0,Gravelly Silt loam,5016,08N03407,15741908,HM,45733,28405,26282,15910,9355,811,5749,759,294505,137,3098,105,81,,,,,,,,,,,,,,,,,,,,,,,183139,1169241,13891744,NHDFlowline,7.046100000000000,5/5/2008 0:00
487,0,709,1,849,0,709,38924,298500,S2008IL163001,5/5/2008,38.238609300000000,-89.7886124,US,United States,IL,Illinois,IL163,St. Clair,114B,"Southern Illinois and Indiana Thin Loess and Till Plain, Western Part",IL163,"St. Clair County, Illinois",,,,,Lenzburg,Lenzburg,series,229318,15741909,08N03408,5182,38924,39541,30,horizon,S08IL163-001-2,,,8,13,A,A,,A,,,,,0,Gravelly Silt loam,5017,08N03408,15741909,HM,45293,24579,25981,14803,8735,753,5782,587,304926,122,3180,115,81,,,,,,,,,,,,,,,,,,,,,,,183139,1169241,13891744,NHDFlowline,7.046100000000000,5/5/2008 0:00
488,0,710,1,850,0,710,38924,298500,S2008IL163001,5/5/2008,38.238609300000000,-89.7886124,US,United States,IL,Illinois,IL163,St. Clair,114B,"Southern Illinois and Indiana Thin Loess and Till Plain, Western Part",IL163,"St. Clair County, Illinois",,,,,Lenzburg,Lenzburg,series,229319,15741910,08N03409,5182,38924,39541,31,horizon,S08IL163-001-3,,,13,43,C1,C1,,C,,1,,,0,Gravelly Silt loam,5018,08N03409,15741910,HM,49809,34337,27391,16516,11194,810,6109,578,308208,164,3410,117,81,,,,,,,,,,,,,,,,,,,,,,,183139,1169241,13891744,NHDFlowline,7.046100000000000,5/5/2008 0:00
489,0,711,1,851,0,711,38924,298500,S2008IL163001,5/5/2008,38.238609300000000,-89.7886124,US,United States,IL,Illinois,IL163,St. Clair,114B,"Southern Illinois and Indiana Thin Loess and Till Plain, Western Part",IL163,"St. Clair County, Illinois",,,,,Lenzburg,Lenzburg,series,229320,15741911,08N03410,5182,38924,39541,32,horizon,S08IL163-001-4,,,43,83,C2,C2,,C,,2,,,0,Gravelly Silty clay loam,5019,08N03410,15741911,HM,47594,22829,27013,14970,9563,756,6733,344,330689,114,3513,138,81,,,,,,,,,,,,,,,,,,,,,,,183139,1169241,13891744,NHDFlowline,7.046100000000000,5/5/2008 0:00
490,0,712,1,852,0,712,38924,298500,S2008IL163001,5/5/2008,38.238609300000000,-89.7886124,US,United States,IL,Illinois,IL163,St. Clair,114B,"Southern Illinois and Indiana Thin Loess and Till Plain, Western Part",IL163,"St. Clair County, Illinois",,,,,Lenzburg,Lenzburg,series,229321,15741912,08N03411,5182,38924,39541,33,horizon,S08IL163-001-5,,,83,123,C3,C3,,C,,3,,,0,Gravelly Loam,5020,08N03411,15741912,HM,47737,21135,25563,14910,10469,678,5942,341,318648,99,3266,115,81,,,,,,,,,,,,,,,,,,,,,,,183139,1169241,13891744,NHDFlowline,7.046100000000000,5/5/2008 0:00
491,0,713,1,853,0,713,38924,298500,S2008IL163001,5/5/2008,38.238609300000000,-89.7886124,US,United States,IL,Illinois,IL163,St. Clair,114B,"Southern Illinois and Indiana Thin Loess and Till Plain, Western Part",IL163,"St. Clair County, Illinois",,,,,Lenzburg,Lenzburg,series,229322,15741913,08N03412,5182,38924,39541,34,horizon,S08IL163-001-6,,,123,163,C4,C4,,C,,4,,,0,Gravelly Clay loam,5021,08N03412,15741913,HM,43474,35481,22075,15962,16269,626,6620,504,324408,109,3024,121,81,,,,,,,,,,,,,,,,,,,,,,,183139,1169241,13891744,NHDFlowline,7.046100000000000,5/5/2008 0:00
492,0,714,1,854,0,714,38924,298500,S2008IL163001,5/5/2008,38.238609300000000,-89.7886124,US,United States,IL,Illinois,IL163,St. Clair,114B,"Southern Illinois and Indiana Thin Loess and Till Plain, Western Part",IL163,"St. Clair County, Illinois",,,,,Lenzburg,Lenzburg,series,229323,15741914,08N03413,5182,38924,39541,35,horizon,S08IL163-001-7,,,163,203,C5,C5,,C,,5,,,0,Gravelly Clay loam,5022,08N03413,15741914,HM,48192,27465,25298,15681,10761,696,6858,543,335180,123,3470,135,81,,,,,,,,,,,,,,,,,,,,,,,183139,1169241,13891744,NHDFlowline,7.046100000000000,5/5/2008 0:00
493,0,715,1,855,0,715,38922,298503,S2008IL157002,5/19/2008,38.193332699999999,-89.7713852,US,United States,IL,Illinois,IL157,Randolph,114B,"Southern Illinois and Indiana Thin Loess and Till Plain, Western Part",IL157,"Randolph County, Illinois",,,,,Schuline,Schuline,series,229298,15741889,08N03388,5182,38922,39539,10,horizon,S08IL157-002-1,,,0,20,A,A,,A,,,,,0,Silt loam,5004,08N03388,15741889,HM,52506,14611,22182,16330,5188,381,8464,789,327927,132,4130,187,23,,,,,,,,,,,,,,,,,,,,,,,200512,1171331,13892134,NHDFlowline,9.516600000000000,5/19/2008 0:00
494,0,716,1,856,0,716,38922,298503,S2008IL157002,5/19/2008,38.193332699999999,-89.7713852,US,United States,IL,Illinois,IL157,Randolph,114B,"Southern Illinois and Indiana Thin Loess and Till Plain, Western Part",IL157,"Randolph County, Illinois",,,,,Schuline,Schuline,series,229299,15741890,08N03389,5182,38922,39539,11,horizon,S08IL157-002-2,,,20,40,AC,AC,,AC,,,,,0,Silty clay loam,5005,08N03389,15741890,HM,57146,8137,23374,17136,4846,374,9280,450,339948,138,4406,196,23,,,,,,,,,,,,,,,,,,,,,,,200512,1171331,13892134,NHDFlowline,9.516600000000000,5/19/2008 0:00
495,0,717,1,857,0,717,38922,298503,S2008IL157002,5/19/2008,38.193332699999999,-89.7713852,US,United States,IL,Illinois,IL157,Randolph,114B,"Southern Illinois and Indiana Thin Loess and Till Plain, Western Part",IL157,"Randolph County, Illinois",,,,,Schuline,Schuline,series,229300,15741891,08N03390,5182,38922,39539,12,horizon,S08IL157-002-3,,,40,85,C1,C1,,C,,1,,,0,Silty clay loam,5006,08N03390,15741891,HM,56253,7418,25037,16348,4727,657,9020,605,340033,133,4309,176,23,,,,,,,,,,,,,,,,,,,,,,,200512,1171331,13892134,NHDFlowline,9.516600000000000,5/19/2008 0:00
496,0,718,1,858,0,718,38922,298503,S2008IL157002,5/19/2008,38.193332699999999,-89.7713852,US,United States,IL,Illinois,IL157,Randolph,114B,"Southern Illinois and Indiana Thin Loess and Till Plain, Western Part",IL157,"Randolph County, Illinois",,,,,Schuline,Schuline,series,229301,15741892,08N03391,5182,38922,39539,13,horizon,S08IL157-002-4,,,85,119,C2,C2,,C,,2,,,0,Silty clay loam,5007,08N03391,15741892,HM,53292,5950,23088,16084,4076,672,9279,571,353200,126,4366,209,23,,,,,,,,,,,,,,,,,,,,,,,200512,1171331,13892134,NHDFlowline,9.516600000000000,5/19/2008 0:00
497,0,719,1,859,0,719,38922,298503,S2008IL157002,5/19/2008,38.193332699999999,-89.7713852,US,United States,IL,Illinois,IL157,Randolph,114B,"Southern Illinois and Indiana Thin Loess and Till Plain, Western Part",IL157,"Randolph County, Illinois",,,,,Schuline,Schuline,series,229302,15741893,08N03392,5182,38922,39539,14,horizon,S08IL157-002-5,,,119,160,C3,C3,,C,,3,,,0,Very cobbly Clay loam,5008,08N03392,15741893,HM,56637,13483,31144,14997,6616,665,6690,534,328311,114,4148,167,23,,,,,,,,,,,,,,,,,,,,,,,200512,1171331,13892134,NHDFlowline,9.516600000000000,5/19/2008 0:00
498,0,720,1,860,0,720,38922,298503,S2008IL157002,5/19/2008,38.193332699999999,-89.7713852,US,United States,IL,Illinois,IL157,Randolph,114B,"Southern Illinois and Indiana Thin Loess and Till Plain, Western Part",IL157,"Randolph County, Illinois",,,,,Schuline,Schuline,series,229303,15741894,08N03393,5182,38922,39539,15,horizon,S08IL157-002-6,,,160,203,C4,C4,,C,,4,,,0,Silty clay,5009,08N03393,15741894,HM,57127,6034,23513,15306,4396,194,7651,392,351625,109,4462,170,23,,,,,,,,,,,,,,,,,,,,,,,200512,1171331,13892134,NHDFlowline,9.516600000000000,5/19/2008 0:00
499,0,721,1,861,0,721,38923,298504,S2008IL157003,5/7/2008,38.194442700000003,-89.7627792,US,United States,IL,Illinois,IL157,Randolph,114B,"Southern Illinois and Indiana Thin Loess and Till Plain, Western Part",IL157,"Randolph County, Illinois",,,,,Lenzburg,Lenzburg,series,229305,15741896,08N03395,5182,38923,39540,17,horizon,S08IL157-003-1,,,0,11,A,A,,A,,,,,0,Silty clay loam,5010,08N03395,15741896,HM,64687,20160,32704,18879,8099,696,5681,744,298623,181,4180,141,81,,,,,,,,,,,,,,,,,,,,,,,200529,1171331,13892134,NHDFlowline,9.516600000000000,5/7/2008 0:00
500,0,722,1,862,0,722,38923,298504,S2008IL157003,5/7/2008,38.194442700000003,-89.7627792,US,United States,IL,Illinois,IL157,Randolph,114B,"Southern Illinois and Indiana Thin Loess and Till Plain, Western Part",IL157,"Randolph County, Illinois",,,,,Lenzburg,Lenzburg,series,229306,15741897,08N03396,5182,38923,39540,18,horizon,S08IL157-003-2,,,11,45,AC,AC,,AC,,,,,0,Gravelly Silty clay loam,5011,08N03396,15741897,HM,59683,20951,29195,17230,8034,592,5007,695,270536,177,3763,126,81,,,,,,,,,,,,,,,,,,,,,,,200529,1171331,13892134,NHDFlowline,9.516600000000000,5/7/2008 0:00
501,0,723,1,863,0,723,38923,298504,S2008IL157003,5/7/2008,38.194442700000003,-89.7627792,US,United States,IL,Illinois,IL157,Randolph,114B,"Southern Illinois and Indiana Thin Loess and Till Plain, Western Part",IL157,"Randolph County, Illinois",,,,,Lenzburg,Lenzburg,series,229307,15741898,08N03397,5182,38923,39540,19,horizon,S08IL157-003-3,,,45,63,C1,C1,,C,,1,,,0,Gravelly Silty clay,5012,08N03397,15741898,HM,65340,22718,33133,19740,8718,645,5642,638,281931,206,4113,136,81,,,,,,,,,,,,,,,,,,,,,,,200529,1171331,13892134,NHDFlowline,9.516600000000000,5/7/2008 0:00
502,0,724,1,864,0,724,38923,298504,S2008IL157003,5/7/2008,38.194442700000003,-89.7627792,US,United States,IL,Illinois,IL157,Randolph,114B,"Southern Illinois and Indiana Thin Loess and Till Plain, Western Part",IL157,"Randolph County, Illinois",,,,,Lenzburg,Lenzburg,series,229308,15741899,08N03398,5182,38923,39540,20,horizon,S08IL157-003-4,,,63,80,C2,C2,,C,,2,,,0,Gravelly Silty clay loam,5013,08N03398,15741899,HM,64532,18634,31724,17723,8324,756,6445,664,344795,178,4305,132,81,,,,,,,,,,,,,,,,,,,,,,,200529,1171331,13892134,NHDFlowline,9.516600000000000,5/7/2008 0:00
503,0,725,1,865,0,725,38923,298504,S2008IL157003,5/7/2008,38.194442700000003,-89.7627792,US,United States,IL,Illinois,IL157,Randolph,114B,"Southern Illinois and Indiana Thin Loess and Till Plain, Western Part",IL157,"Randolph County, Illinois",,,,,Lenzburg,Lenzburg,series,229309,15741900,08N03399,5182,38923,39540,21,horizon,S08IL157-003-5,,,80,120,C3,C3,,C,,3,,,0,Gravelly Silty clay,5014,08N03399,15741900,HM,60359,14765,29694,17930,7112,590,7013,554,319038,158,4057,142,81,,,,,,,,,,,,,,,,,,,,,,,200529,1171331,13892134,NHDFlowline,9.516600000000000,5/7/2008 0:00
504,0,726,1,866,0,726,38923,298504,S2008IL157003,5/7/2008,38.194442700000003,-89.7627792,US,United States,IL,Illinois,IL157,Randolph,114B,"Southern Illinois and Indiana Thin Loess and Till Plain, Western Part",IL157,"Randolph County, Illinois",,,,,Lenzburg,Lenzburg,series,229310,15741901,08N03400,5182,38923,39540,22,horizon,S08IL157-003-6,,,120,160,C4,C4,,C,,4,,,0,Gravelly Silty clay loam,5015,08N03400,15741901,HM,68803,19679,35388,20115,9492,728,6096,738,308127,177,4361,138,81,,,,,,,,,,,,,,,,,,,,,,,200529,1171331,13892134,NHDFlowline,9.516600000000000,5/7/2008 0:00
505,0,727,1,867,0,727,38921,298502,S2008IL157001,4/16/2008,38.196109800000002,-89.7672195,US,United States,IL,Illinois,IL157,Randolph,114B,"Southern Illinois and Indiana Thin Loess and Till Plain, Western Part",IL157,"Randolph County, Illinois",,,,,fine family-Swanwick,fine family-Swanwick,series,229289,15741880,08N03379,5182,38921,39538,1,horizon,S08IL157-001-1,,,0,20,Ap,Ap,,A,,,,,0,Silt loam,4997,08N03379,15741880,HM,46124,5686,22400,13483,3181,1016,8195,623,338031,108,4230,186,81,,,,,,,,,,,,,,,,,,,,,,,200514,1171331,13892134,NHDFlowline,9.516600000000000,4/16/2008 0:00
506,0,728,1,868,0,728,38921,298502,S2008IL157001,4/16/2008,38.196109800000002,-89.7672195,US,United States,IL,Illinois,IL157,Randolph,114B,"Southern Illinois and Indiana Thin Loess and Till Plain, Western Part",IL157,"Randolph County, Illinois",,,,,fine family-Swanwick,fine family-Swanwick,series,229290,15741881,08N03380,5182,38921,39538,2,horizon,S08IL157-001-2,,,20,50,AC,AC,,AC,,,,,0,Silt loam,4998,08N03380,15741881,HM,42821,5305,17864,12826,2638,817,8120,429,345197,103,4181,176,81,,,,,,,,,,,,,,,,,,,,,,,200514,1171331,13892134,NHDFlowline,9.516600000000000,4/16/2008 0:00
507,0,729,1,869,0,729,38921,298502,S2008IL157001,4/16/2008,38.196109800000002,-89.7672195,US,United States,IL,Illinois,IL157,Randolph,114B,"Southern Illinois and Indiana Thin Loess and Till Plain, Western Part",IL157,"Randolph County, Illinois",,,,,fine family-Swanwick,fine family-Swanwick,series,229291,15741882,08N03381,5182,38921,39538,3,horizon,S08IL157-001-3,,,50,65,C1,C1,,C,,1,,,0,Silty clay,4999,08N03381,15741882,HM,58171,7943,28112,16056,5117,740,8726,482,332189,130,4169,160,81,,,,,,,,,,,,,,,,,,,,,,,200514,1171331,13892134,NHDFlowline,9.516600000000000,4/16/2008 0:00
508,0,730,1,870,0,730,38921,298502,S2008IL157001,4/16/2008,38.196109800000002,-89.7672195,US,United States,IL,Illinois,IL157,Randolph,114B,"Southern Illinois and Indiana Thin Loess and Till Plain, Western Part",IL157,"Randolph County, Illinois",,,,,fine family-Swanwick,fine family-Swanwick,series,229292,15741883,08N03382,5182,38921,39538,4,horizon,S08IL157-001-4,,,65,108,C2,C2,,C,,2,,,0,Silty clay,5000,08N03382,15741883,HM,57154,7027,26685,16217,4982,664,9174,501,346829,130,4327,185,81,,,,,,,,,,,,,,,,,,,,,,,200514,1171331,13892134,NHDFlowline,9.516600000000000,4/16/2008 0:00
509,0,731,1,871,0,731,38921,298502,S2008IL157001,4/16/2008,38.196109800000002,-89.7672195,US,United States,IL,Illinois,IL157,Randolph,114B,"Southern Illinois and Indiana Thin Loess and Till Plain, Western Part",IL157,"Randolph County, Illinois",,,,,fine family-Swanwick,fine family-Swanwick,series,229293,15741884,08N03383,5182,38921,39538,5,horizon,S08IL157-001-5,,,108,136,C3,C3,,C,,3,,,0,Silty clay,5001,08N03383,15741884,HM,55345,20822,32427,15658,7928,819,6621,588,322363,152,3936,138,81,,,,,,,,,,,,,,,,,,,,,,,200514,1171331,13892134,NHDFlowline,9.516600000000000,4/16/2008 0:00
510,0,732,1,872,0,732,38921,298502,S2008IL157001,4/16/2008,38.196109800000002,-89.7672195,US,United States,IL,Illinois,IL157,Randolph,114B,"Southern Illinois and Indiana Thin Loess and Till Plain, Western Part",IL157,"Randolph County, Illinois",,,,,fine family-Swanwick,fine family-Swanwick,series,229294,15741885,08N03384,5182,38921,39538,6,horizon,S08IL157-001-6,,,136,160,C4,C4,,C,,4,,,0,Gravelly Clay loam,5002,08N03384,15741885,HM,53512,19683,32385,14994,7808,742,6163,614,315446,135,3910,139,81,,,,,,,,,,,,,,,,,,,,,,,200514,1171331,13892134,NHDFlowline,9.516600000000000,4/16/2008 0:00
511,0,733,1,873,0,733,38921,298502,S2008IL157001,4/16/2008,38.196109800000002,-89.7672195,US,United States,IL,Illinois,IL157,Randolph,114B,"Southern Illinois and Indiana Thin Loess and Till Plain, Western Part",IL157,"Randolph County, Illinois",,,,,fine family-Swanwick,fine family-Swanwick,series,229295,15741886,08N03385,5182,38921,39538,7,horizon,S08IL157-001-7,,,160,203,C5,C5,,C,,5,,,0,Silty clay loam,5003,08N03385,15741886,HM,54531,19864,32918,15313,7998,829,6185,552,317984,143,3964,144,81,,,,,,,,,,,,,,,,,,,,,,,200514,1171331,13892134,NHDFlowline,9.516600000000000,4/16/2008 0:00
512,0,846,1,877,0,846,34005,429394,S2005IL003005,12/6/2005,37.250000000000000,-89.3763885,US,United States,IL,Illinois,IL003,Alexander,115B,"Central Mississippi Valley Wooded Slopes, Western Part",IL003,"Alexander County, Illinois",,,R09F08,Shawnee National Forest,Menfro (079),Menfro (079),series,196064,207432,06N02131,4946,34005,34202,39,horizon,S05IL003-005-2,,,2,10,A1,A1,,A,,1,,,0,,3470,06N02131,207432,HM,39299,5628,14344,16376,2634,1212,7119,569,347013,123,4073,209,41,,,,,,,,,,,,,,,,,,,,,,,602331,1164797,5248146,NHDFlowline,4.595400000000000,12/6/2005 0:00
513,0,847,1,878,0,847,34005,429394,S2005IL003005,12/6/2005,37.250000000000000,-89.3763885,US,United States,IL,Illinois,IL003,Alexander,115B,"Central Mississippi Valley Wooded Slopes, Western Part",IL003,"Alexander County, Illinois",,,R09F08,Shawnee National Forest,Menfro (079),Menfro (079),series,196065,207433,06N02132,4946,34005,34202,40,horizon,S05IL003-005-3,,,10,20,A2,A2,,A,,2,,,0,,3471,06N02132,207433,HM,40410,2914,15270,16390,2418,1091,7096,455,348369,96,4273,269,41,,,,,,,,,,,,,,,,,,,,,,,602331,1164797,5248146,NHDFlowline,4.595400000000000,12/6/2005 0:00
514,0,848,1,879,0,848,34005,429394,S2005IL003005,12/6/2005,37.250000000000000,-89.3763885,US,United States,IL,Illinois,IL003,Alexander,115B,"Central Mississippi Valley Wooded Slopes, Western Part",IL003,"Alexander County, Illinois",,,R09F08,Shawnee National Forest,Menfro (079),Menfro (079),series,196066,207434,06N02133,4946,34005,34202,41,horizon,S05IL003-005-4,,,20,38,Bt1,Bt1,,B,,1,,,0,,3472,06N02133,207434,HM,54611,2844,28097,17020,4308,555,6009,625,328745,89,4225,222,41,,,,,,,,,,,,,,,,,,,,,,,602331,1164797,5248146,NHDFlowline,4.595400000000000,12/6/2005 0:00
515,0,849,1,880,0,849,34005,429394,S2005IL003005,12/6/2005,37.250000000000000,-89.3763885,US,United States,IL,Illinois,IL003,Alexander,115B,"Central Mississippi Valley Wooded Slopes, Western Part",IL003,"Alexander County, Illinois",,,R09F08,Shawnee National Forest,Menfro (079),Menfro (079),series,196067,207435,06N02134,4946,34005,34202,42,horizon,S05IL003-005-5,,,38,62,Bt2,Bt2,,B,,2,,,0,,3473,06N02134,207435,HM,56625,2880,31276,16952,4942,641,6227,586,319825,89,4135,225,41,,,,,,,,,,,,,,,,,,,,,,,602331,1164797,5248146,NHDFlowline,4.595400000000000,12/6/2005 0:00
516,0,850,1,881,0,850,34005,429394,S2005IL003005,12/6/2005,37.250000000000000,-89.3763885,US,United States,IL,Illinois,IL003,Alexander,115B,"Central Mississippi Valley Wooded Slopes, Western Part",IL003,"Alexander County, Illinois",,,R09F08,Shawnee National Forest,Menfro (079),Menfro (079),series,196068,207436,06N02135,4946,34005,34202,43,horizon,S05IL003-005-6,,,62,90,Bt3,Bt3,,B,,3,,,0,,3474,06N02135,207436,HM,57636,2420,29833,17442,5339,663,6995,523,320705,93,3747,167,41,,,,,,,,,,,,,,,,,,,,,,,602331,1164797,5248146,NHDFlowline,4.595400000000000,12/6/2005 0:00
517,0,851,1,882,0,851,34005,429394,S2005IL003005,12/6/2005,37.250000000000000,-89.3763885,US,United States,IL,Illinois,IL003,Alexander,115B,"Central Mississippi Valley Wooded Slopes, Western Part",IL003,"Alexander County, Illinois",,,R09F08,Shawnee National Forest,Menfro (079),Menfro (079),series,196069,207437,06N02136,4946,34005,34202,44,horizon,S05IL003-005-7,,,90,130,Bt41,Bt41,,B,,41,,,0,,3475,06N02136,207437,HM,57247,2759,29796,17923,5371,576,8318,490,333827,108,4010,184,41,,,,,,,,,,,,,,,,,,,,,,,602331,1164797,5248146,NHDFlowline,4.595400000000000,12/6/2005 0:00
518,0,852,1,883,0,852,34005,429394,S2005IL003005,12/6/2005,37.250000000000000,-89.3763885,US,United States,IL,Illinois,IL003,Alexander,115B,"Central Mississippi Valley Wooded Slopes, Western Part",IL003,"Alexander County, Illinois",,,R09F08,Shawnee National Forest,Menfro (079),Menfro (079),series,196070,207438,06N02137,4946,34005,34202,45,horizon,S05IL003-005-8,,,130,175,Bt42,Bt42,,B,,42,,,0,,3476,06N02137,207438,HM,60183,4340,32196,19527,5279,754,9946,511,376749,141,4614,264,41,,,,,,,,,,,,,,,,,,,,,,,602331,1164797,5248146,NHDFlowline,4.595400000000000,12/6/2005 0:00
519,0,853,1,884,0,853,34005,429394,S2005IL003005,12/6/2005,37.250000000000000,-89.3763885,US,United States,IL,Illinois,IL003,Alexander,115B,"Central Mississippi Valley Wooded Slopes, Western Part",IL003,"Alexander County, Illinois",,,R09F08,Shawnee National Forest,Menfro (079),Menfro (079),series,196071,207439,06N02138,4946,34005,34202,46,horizon,S05IL003-005-9,,,175,200,Bt5,Bt5,,B,,5,,,0,,3477,06N02138,207439,HM,59627,4828,31477,18868,5768,1161,10127,497,359704,158,4345,217,41,,,,,,,,,,,,,,,,,,,,,,,602331,1164797,5248146,NHDFlowline,4.595400000000000,12/6/2005 0:00
520,0,942,1,899,0,942,33313,178561,Morgan - 2nd transect 4th pit Bottom site,5/18/2005,37.360553699999997,-89.1063919,US,United States,IL,Illinois,IL181,Union,120,Kentucky and Indiana Sandstone and Shale Hills and Valleys,IL181,"Union County, Illinois",,,,,Wilbur Tax (336),Wilbur Tax (336),taxadjunct,192152,202917,05N03447,4829,33313,33463,71,horizon,S05IL181-007-1,,,0,8,Ap,Ap,,A,,,,,0,Silt loam,3130,05N03447,202917,HM,41503,4002,20517,15844,3563,692,6429,793,408569,65,4078,196,81,,,,,,,,,,,,,,,,,,,,,,,199563,1164882,5247342,NHDFlowline,4.387500000000000,5/18/2005 0:00
521,0,943,1,900,0,943,33313,178561,Morgan - 2nd transect 4th pit Bottom site,5/18/2005,37.360553699999997,-89.1063919,US,United States,IL,Illinois,IL181,Union,120,Kentucky and Indiana Sandstone and Shale Hills and Valleys,IL181,"Union County, Illinois",,,,,Wilbur Tax (336),Wilbur Tax (336),taxadjunct,192153,202918,05N03448,4829,33313,33463,72,horizon,S05IL181-007-2,,,8,22,Bw1,Bw1,,B,,1,,,0,Silt loam,3131,05N03448,202918,HM,40763,3136,20169,15677,3188,665,6269,490,410117,57,4230,254,81,,,,,,,,,,,,,,,,,,,,,,,199563,1164882,5247342,NHDFlowline,4.387500000000000,5/18/2005 0:00
522,0,944,1,901,0,944,33313,178561,Morgan - 2nd transect 4th pit Bottom site,5/18/2005,37.360553699999997,-89.1063919,US,United States,IL,Illinois,IL181,Union,120,Kentucky and Indiana Sandstone and Shale Hills and Valleys,IL181,"Union County, Illinois",,,,,Wilbur Tax (336),Wilbur Tax (336),taxadjunct,192154,202919,05N03449,4829,33313,33463,73,horizon,S05IL181-007-3,,,22,43,Bw2,Bw2,,B,,2,,,0,Silt loam,3132,05N03449,202919,HM,41339,3536,21197,15719,3186,758,6452,436,412992,61,4262,256,81,,,,,,,,,,,,,,,,,,,,,,,199563,1164882,5247342,NHDFlowline,4.387500000000000,5/18/2005 0:00
523,0,945,1,902,0,945,33313,178561,Morgan - 2nd transect 4th pit Bottom site,5/18/2005,37.360553699999997,-89.1063919,US,United States,IL,Illinois,IL181,Union,120,Kentucky and Indiana Sandstone and Shale Hills and Valleys,IL181,"Union County, Illinois",,,,,Wilbur Tax (336),Wilbur Tax (336),taxadjunct,192155,202920,05N03450,4829,33313,33463,74,horizon,S05IL181-007-4,,,43,58,Bw31,Bw31,,B,,31,,,0,Silt loam,3133,05N03450,202920,HM,40607,3347,19312,15723,3103,758,6214,395,417033,59,4023,212,81,,,,,,,,,,,,,,,,,,,,,,,199563,1164882,5247342,NHDFlowline,4.387500000000000,5/18/2005 0:00
524,0,946,1,903,0,946,33313,178561,Morgan - 2nd transect 4th pit Bottom site,5/18/2005,37.360553699999997,-89.1063919,US,United States,IL,Illinois,IL181,Union,120,Kentucky and Indiana Sandstone and Shale Hills and Valleys,IL181,"Union County, Illinois",,,,,Wilbur Tax (336),Wilbur Tax (336),taxadjunct,192156,202921,05N03451,4829,33313,33463,75,horizon,S05IL181-007-5,,,58,81,Bw32,Bw32,,B,,32,,,0,Silt loam,3134,05N03451,202921,HM,40002,3551,19237,15808,2989,814,6652,343,433002,64,4196,245,81,,,,,,,,,,,,,,,,,,,,,,,199563,1164882,5247342,NHDFlowline,4.387500000000000,5/18/2005 0:00
525,0,947,1,904,0,947,33313,178561,Morgan - 2nd transect 4th pit Bottom site,5/18/2005,37.360553699999997,-89.1063919,US,United States,IL,Illinois,IL181,Union,120,Kentucky and Indiana Sandstone and Shale Hills and Valleys,IL181,"Union County, Illinois",,,,,Wilbur Tax (336),Wilbur Tax (336),taxadjunct,192157,202922,05N03452,4829,33313,33463,76,horizon,S05IL181-007-6,,,81,107,Bg1,Bg1,,B,,1,,,0,Silt loam,3135,05N03452,202922,HM,40083,3402,20000,15509,3077,701,6334,339,418774,59,4185,236,81,,,,,,,,,,,,,,,,,,,,,,,199563,1164882,5247342,NHDFlowline,4.387500000000000,5/18/2005 0:00
526,0,948,1,905,0,948,33313,178561,Morgan - 2nd transect 4th pit Bottom site,5/18/2005,37.360553699999997,-89.1063919,US,United States,IL,Illinois,IL181,Union,120,Kentucky and Indiana Sandstone and Shale Hills and Valleys,IL181,"Union County, Illinois",,,,,Wilbur Tax (336),Wilbur Tax (336),taxadjunct,192158,202923,05N03453,4829,33313,33463,77,horizon,S05IL181-007-7,,,107,132,Bg21,Bg21,,B,,21,,,0,Silt loam,3136,05N03453,202923,HM,44680,3804,22904,16349,3666,668,6958,413,417086,73,4426,253,81,,,,,,,,,,,,,,,,,,,,,,,199563,1164882,5247342,NHDFlowline,4.387500000000000,5/18/2005 0:00
527,0,949,1,906,0,949,33313,178561,Morgan - 2nd transect 4th pit Bottom site,5/18/2005,37.360553699999997,-89.1063919,US,United States,IL,Illinois,IL181,Union,120,Kentucky and Indiana Sandstone and Shale Hills and Valleys,IL181,"Union County, Illinois",,,,,Wilbur Tax (336),Wilbur Tax (336),taxadjunct,192159,202924,05N03454,4829,33313,33463,78,horizon,S05IL181-007-8,,,132,148,Bg22,Bg22,,B,,22,,,0,Silt loam,3137,05N03454,202924,HM,45803,3949,23943,16659,3773,700,7305,406,423546,78,4517,272,81,,,,,,,,,,,,,,,,,,,,,,,199563,1164882,5247342,NHDFlowline,4.387500000000000,5/18/2005 0:00
528,0,950,1,907,0,950,33313,178561,Morgan - 2nd transect 4th pit Bottom site,5/18/2005,37.360553699999997,-89.1063919,US,United States,IL,Illinois,IL181,Union,120,Kentucky and Indiana Sandstone and Shale Hills and Valleys,IL181,"Union County, Illinois",,,,,Wilbur Tax (336),Wilbur Tax (336),taxadjunct,192160,202925,05N03455,4829,33313,33463,79,horizon,S05IL181-007-9,,,148,183,Bg31,Bg31,,B,,31,,,0,Silt loam,3138,05N03455,202925,HM,43775,3937,21788,16215,3509,722,7447,393,417812,78,4460,262,81,,,,,,,,,,,,,,,,,,,,,,,199563,1164882,5247342,NHDFlowline,4.387500000000000,5/18/2005 0:00
529,0,951,1,908,0,951,33313,178561,Morgan - 2nd transect 4th pit Bottom site,5/18/2005,37.360553699999997,-89.1063919,US,United States,IL,Illinois,IL181,Union,120,Kentucky and Indiana Sandstone and Shale Hills and Valleys,IL181,"Union County, Illinois",,,,,Wilbur Tax (336),Wilbur Tax (336),taxadjunct,192161,202926,05N03456,4829,33313,33463,80,horizon,S05IL181-007-10,,,183,203,Bg32,Bg32,,B,,32,,,0,Silt loam,3139,05N03456,202926,HM,41169,3931,18818,16093,3154,938,7498,361,426790,78,4539,259,81,,,,,,,,,,,,,,,,,,,,,,,199563,1164882,5247342,NHDFlowline,4.387500000000000,5/18/2005 0:00
530,0,952,1,909,0,952,34008,429397,S2005IL003008,12/7/2005,37.249443100000001,-89.3761139,US,United States,IL,Illinois,IL003,Alexander,115B,"Central Mississippi Valley Wooded Slopes, Western Part",IL003,"Alexander County, Illinois",,,R09F08,Shawnee National Forest,Hosmer (taxadjunct),Hosmer (taxadjunct),series,196095,207463,06N02162,4946,34008,34205,70,horizon,S05IL003-008-2,,,1,3,A11,A11,,A,,11,,,0,,3498,06N02162,207463,HM,43040,11675,17992,16123,4348,1419,9028,831,326159,191,3637,162,41,,,,,,,,,,,,,,,,,,,,,,,602331,1164797,5248146,NHDFlowline,4.595400000000000,12/7/2005 0:00
531,0,953,1,910,0,953,34008,429397,S2005IL003008,12/7/2005,37.249443100000001,-89.3761139,US,United States,IL,Illinois,IL003,Alexander,115B,"Central Mississippi Valley Wooded Slopes, Western Part",IL003,"Alexander County, Illinois",,,R09F08,Shawnee National Forest,Hosmer (taxadjunct),Hosmer (taxadjunct),series,196096,207464,06N02163,4946,34008,34205,71,horizon,S05IL003-008-3,,,3,9,A12,A12,,A,,12,,,0,,3499,06N02163,207464,HM,49911,5932,21343,18815,4134,876,10949,531,383956,160,4565,244,41,,,,,,,,,,,,,,,,,,,,,,,602331,1164797,5248146,NHDFlowline,4.595400000000000,12/7/2005 0:00
532,0,954,1,911,0,954,34008,429397,S2005IL003008,12/7/2005,37.249443100000001,-89.3761139,US,United States,IL,Illinois,IL003,Alexander,115B,"Central Mississippi Valley Wooded Slopes, Western Part",IL003,"Alexander County, Illinois",,,R09F08,Shawnee National Forest,Hosmer (taxadjunct),Hosmer (taxadjunct),series,196097,207465,06N02164,4946,34008,34205,72,horizon,S05IL003-008-4,,,9,16,A2,A2,,A,,2,,,0,,3500,06N02164,207465,HM,51951,5571,23013,19027,4342,685,10795,487,387821,157,4479,231,41,,,,,,,,,,,,,,,,,,,,,,,602331,1164797,5248146,NHDFlowline,4.595400000000000,12/7/2005 0:00
533,0,955,1,912,0,955,34008,429397,S2005IL003008,12/7/2005,37.249443100000001,-89.3761139,US,United States,IL,Illinois,IL003,Alexander,115B,"Central Mississippi Valley Wooded Slopes, Western Part",IL003,"Alexander County, Illinois",,,R09F08,Shawnee National Forest,Hosmer (taxadjunct),Hosmer (taxadjunct),series,196098,207466,06N02165,4946,34008,34205,73,horizon,S05IL003-008-5,,,16,33,Bw1,Bw1,,B,,1,,,0,,3501,06N02165,207466,HM,55278,5504,27161,18950,4683,781,10537,534,395566,156,5003,299,41,,,,,,,,,,,,,,,,,,,,,,,602331,1164797,5248146,NHDFlowline,4.595400000000000,12/7/2005 0:00
534,0,956,1,913,0,956,34008,429397,S2005IL003008,12/7/2005,37.249443100000001,-89.3761139,US,United States,IL,Illinois,IL003,Alexander,115B,"Central Mississippi Valley Wooded Slopes, Western Part",IL003,"Alexander County, Illinois",,,R09F08,Shawnee National Forest,Hosmer (taxadjunct),Hosmer (taxadjunct),series,196099,207467,06N02166,4946,34008,34205,74,horizon,S05IL003-008-6,,,33,57,Bt1,Bt1,,B,,1,,,0,,3502,06N02166,207467,HM,54198,4266,27202,18201,4390,657,9717,507,393687,134,4738,292,41,,,,,,,,,,,,,,,,,,,,,,,602331,1164797,5248146,NHDFlowline,4.595400000000000,12/7/2005 0:00
535,0,957,1,914,0,957,34008,429397,S2005IL003008,12/7/2005,37.249443100000001,-89.3761139,US,United States,IL,Illinois,IL003,Alexander,115B,"Central Mississippi Valley Wooded Slopes, Western Part",IL003,"Alexander County, Illinois",,,R09F08,Shawnee National Forest,Hosmer (taxadjunct),Hosmer (taxadjunct),series,196100,207468,06N02167,4946,34008,34205,75,horizon,S05IL003-008-7,,,57,77,Bt2,Bt2,,B,,2,,,0,,3503,06N02167,207468,HM,57056,3635,30008,18211,4790,856,8901,580,383485,124,4877,267,41,,,,,,,,,,,,,,,,,,,,,,,602331,1164797,5248146,NHDFlowline,4.595400000000000,12/7/2005 0:00
536,0,958,1,915,0,958,34008,429397,S2005IL003008,12/7/2005,37.249443100000001,-89.3761139,US,United States,IL,Illinois,IL003,Alexander,115B,"Central Mississippi Valley Wooded Slopes, Western Part",IL003,"Alexander County, Illinois",,,R09F08,Shawnee National Forest,Hosmer (taxadjunct),Hosmer (taxadjunct),series,196101,207469,06N02168,4946,34008,34205,76,horizon,S05IL003-008-8,,,77,98,Btxb1,Btxb1,,B,,1,,,0,,3504,06N02168,207469,HM,62134,3517,32889,18585,5465,492,8815,646,392845,122,4864,253,41,,,,,,,,,,,,,,,,,,,,,,,602331,1164797,5248146,NHDFlowline,4.595400000000000,12/7/2005 0:00
537,0,959,1,916,0,959,34008,429397,S2005IL003008,12/7/2005,37.249443100000001,-89.3761139,US,United States,IL,Illinois,IL003,Alexander,115B,"Central Mississippi Valley Wooded Slopes, Western Part",IL003,"Alexander County, Illinois",,,R09F08,Shawnee National Forest,Hosmer (taxadjunct),Hosmer (taxadjunct),series,196102,207470,06N02169,4946,34008,34205,77,horizon,S05IL003-008-9,,,98,136,Btxb2,Btxb2,,B,,2,,,0,,3505,06N02169,207470,HM,63241,4970,32679,18781,5974,233,10507,391,397043,159,4764,229,41,,,,,,,,,,,,,,,,,,,,,,,602331,1164797,5248146,NHDFlowline,4.595400000000000,12/7/2005 0:00
538,0,960,1,917,0,960,34008,429397,S2005IL003008,12/7/2005,37.249443100000001,-89.3761139,US,United States,IL,Illinois,IL003,Alexander,115B,"Central Mississippi Valley Wooded Slopes, Western Part",IL003,"Alexander County, Illinois",,,R09F08,Shawnee National Forest,Hosmer (taxadjunct),Hosmer (taxadjunct),series,196103,207471,06N02170,4946,34008,34205,78,horizon,S05IL003-008-10,,,136,172,Btxb3,Btxb3,,B,,3,,,0,,3506,06N02170,207471,HM,58854,5972,29715,19147,5520,252,11273,484,396387,171,4869,257,41,,,,,,,,,,,,,,,,,,,,,,,602331,1164797,5248146,NHDFlowline,4.595400000000000,12/7/2005 0:00
539,0,961,1,918,0,961,34008,429397,S2005IL003008,12/7/2005,37.249443100000001,-89.3761139,US,United States,IL,Illinois,IL003,Alexander,115B,"Central Mississippi Valley Wooded Slopes, Western Part",IL003,"Alexander County, Illinois",,,R09F08,Shawnee National Forest,Hosmer (taxadjunct),Hosmer (taxadjunct),series,196104,207472,06N02171,4946,34008,34205,79,horizon,S05IL003-008-11,,,172,204,Btxb4,Btxb4,,B,,4,,,0,,3507,06N02171,207472,HM,59482,6856,29816,19392,5672,623,11403,655,404048,177,4762,231,41,,,,,,,,,,,,,,,,,,,,,,,602331,1164797,5248146,NHDFlowline,4.595400000000000,12/7/2005 0:00
540,1,443,1,935,0,443,32643,255332,S2005IA005001,4/6/2005,43.174868199999999,-91.3598065,US,United States,IA,Iowa,IA005,Allamakee,105,Northern Mississippi Valley Loess Hills,IA005,"Allamakee County, Iowa",,,,,Fayette,Fayette,series,189255,199966,05N00020,4749,32643,32785,1,horizon,S05IA-005-001-1,,,0,18,Ap,Ap,,A,,,,,0,Silt loam,2915,05N00020,199966,HM,46505,7681,23910,13945,4902,975,7047,491,328566,106,3911,193,41,13210804,7/13/1999 0:00,Medium, , ,2.219000000000000,07060001000663,With Digitized,0,StreamRiver,46003,0.022286279,TRUE,0,,,100.000000000000000,226724,,,,,402367,1035655,13210804,NHDFlowline,1.857600000000000,4/6/2005 0:00
541,1,444,1,936,0,444,32643,255332,S2005IA005001,4/6/2005,43.174868199999999,-91.3598065,US,United States,IA,Iowa,IA005,Allamakee,105,Northern Mississippi Valley Loess Hills,IA005,"Allamakee County, Iowa",,,,,Fayette,Fayette,series,189256,199967,05N00021,4749,32643,32785,2,horizon,S05IA-005-001-2,,,18,38,Bt1,Bt1,,B,,1,,,0,Silty clay loam,2916,05N00021,199967,HM,59605,6230,33427,14388,6658,527,7028,489,321358,111,3974,202,41,13210804,7/13/1999 0:00,Medium, , ,2.219000000000000,07060001000663,With Digitized,0,StreamRiver,46003,0.022286279,TRUE,0,,,100.000000000000000,226724,,,,,402367,1035655,13210804,NHDFlowline,1.857600000000000,4/6/2005 0:00
542,1,445,1,937,0,445,32643,255332,S2005IA005001,4/6/2005,43.174868199999999,-91.3598065,US,United States,IA,Iowa,IA005,Allamakee,105,Northern Mississippi Valley Loess Hills,IA005,"Allamakee County, Iowa",,,,,Fayette,Fayette,series,189257,199968,05N00022,4749,32643,32785,3,horizon,S05IA-005-001-3,,,38,50,Bt2,Bt2,,B,,2,,,0,Silty clay loam,2917,05N00022,199968,HM,64529,5109,30554,17077,6045,627,9132,413,320105,135,3759,159,41,13210804,7/13/1999 0:00,Medium, , ,2.219000000000000,07060001000663,With Digitized,0,StreamRiver,46003,0.022286279,TRUE,0,,,100.000000000000000,226724,,,,,402367,1035655,13210804,NHDFlowline,1.857600000000000,4/6/2005 0:00
543,1,446,1,938,0,446,32643,255332,S2005IA005001,4/6/2005,43.174868199999999,-91.3598065,US,United States,IA,Iowa,IA005,Allamakee,105,Northern Mississippi Valley Loess Hills,IA005,"Allamakee County, Iowa",,,,,Fayette,Fayette,series,189258,199969,05N00023,4749,32643,32785,4,horizon,S05IA-005-001-4,,,50,71,Bt3,Bt3,,B,,3,,,0,Silty clay loam,2918,05N00023,199969,HM,64270,4986,30527,17184,6021,622,9158,341,321381,133,3579,143,41,13210804,7/13/1999 0:00,Medium, , ,2.219000000000000,07060001000663,With Digitized,0,StreamRiver,46003,0.022286279,TRUE,0,,,100.000000000000000,226724,,,,,402367,1035655,13210804,NHDFlowline,1.857600000000000,4/6/2005 0:00
544,1,447,1,939,0,447,32643,255332,S2005IA005001,4/6/2005,43.174868199999999,-91.3598065,US,United States,IA,Iowa,IA005,Allamakee,105,Northern Mississippi Valley Loess Hills,IA005,"Allamakee County, Iowa",,,,,Fayette,Fayette,series,189259,199970,05N00024,4749,32643,32785,5,horizon,S05IA-005-001-5,,,71,93,Bt4,Bt4,,B,,4,,,0,Silty clay loam,2919,05N00024,199970,HM,65229,5414,31903,17385,6472,971,9293,515,311413,140,3731,157,41,13210804,7/13/1999 0:00,Medium, , ,2.219000000000000,07060001000663,With Digitized,0,StreamRiver,46003,0.022286279,TRUE,0,,,100.000000000000000,226724,,,,,402367,1035655,13210804,NHDFlowline,1.857600000000000,4/6/2005 0:00
545,1,448,1,940,0,448,32643,255332,S2005IA005001,4/6/2005,43.174868199999999,-91.3598065,US,United States,IA,Iowa,IA005,Allamakee,105,Northern Mississippi Valley Loess Hills,IA005,"Allamakee County, Iowa",,,,,Fayette,Fayette,series,189260,199971,05N00025,4749,32643,32785,6,horizon,S05IA-005-001-6,,,93,106,Bt5,Bt5,,B,,5,,,0,Silty clay loam,2920,05N00025,199971,HM,61994,5867,30615,17446,5986,734,10270,490,320852,149,3800,168,41,13210804,7/13/1999 0:00,Medium, , ,2.219000000000000,07060001000663,With Digitized,0,StreamRiver,46003,0.022286279,TRUE,0,,,100.000000000000000,226724,,,,,402367,1035655,13210804,NHDFlowline,1.857600000000000,4/6/2005 0:00
546,1,449,1,941,0,449,32643,255332,S2005IA005001,4/6/2005,43.174868199999999,-91.3598065,US,United States,IA,Iowa,IA005,Allamakee,105,Northern Mississippi Valley Loess Hills,IA005,"Allamakee County, Iowa",,,,,Fayette,Fayette,series,189261,199972,05N00026,4749,32643,32785,7,horizon,S05IA-005-001-7,,,106,131,2BC,2BC,2,BC,,,,,0,Silt loam,2921,05N00026,199972,HM,61578,6760,31274,17546,5870,721,10987,557,323653,160,3867,175,41,13210804,7/13/1999 0:00,Medium, , ,2.219000000000000,07060001000663,With Digitized,0,StreamRiver,46003,0.022286279,TRUE,0,,,100.000000000000000,226724,,,,,402367,1035655,13210804,NHDFlowline,1.857600000000000,4/6/2005 0:00
547,1,450,1,942,0,450,32643,255332,S2005IA005001,4/6/2005,43.174868199999999,-91.3598065,US,United States,IA,Iowa,IA005,Allamakee,105,Northern Mississippi Valley Loess Hills,IA005,"Allamakee County, Iowa",,,,,Fayette,Fayette,series,189262,199973,05N00027,4749,32643,32785,8,horizon,S05IA-005-001-8,,,131,161,2C1,2C1,2,C,,1,,,0,Loam,2922,05N00027,199973,HM,60813,6295,30213,16907,5140,534,9075,496,326033,141,3615,146,41,13210804,7/13/1999 0:00,Medium, , ,2.219000000000000,07060001000663,With Digitized,0,StreamRiver,46003,0.022286279,TRUE,0,,,100.000000000000000,226724,,,,,402367,1035655,13210804,NHDFlowline,1.857600000000000,4/6/2005 0:00
548,1,451,1,943,0,451,32643,255332,S2005IA005001,4/6/2005,43.174868199999999,-91.3598065,US,United States,IA,Iowa,IA005,Allamakee,105,Northern Mississippi Valley Loess Hills,IA005,"Allamakee County, Iowa",,,,,Fayette,Fayette,series,189263,199974,05N00028,4749,32643,32785,9,horizon,S05IA-005-001-9,,,161,200,3C2,3C2,3,C,,2,,,0,Clay loam,2923,05N00028,199974,HM,53380,5536,25384,14953,3956,539,7273,619,341358,113,3392,131,41,13210804,7/13/1999 0:00,Medium, , ,2.219000000000000,07060001000663,With Digitized,0,StreamRiver,46003,0.022286279,TRUE,0,,,100.000000000000000,226724,,,,,402367,1035655,13210804,NHDFlowline,1.857600000000000,4/6/2005 0:00
549,1,495,1,944,0,495,32644,255339,S2005IA005002,8/26/2003,43.174868199999999,-91.3598065,US,United States,IA,Iowa,IA005,Allamakee,105,Northern Mississippi Valley Loess Hills,IA005,"Allamakee County, Iowa",,,,,Dubuque silt loam,Dubuque silt loam,series,189264,199975,05N00029,4749,32644,32786,10,horizon,S05IA-005-002-1,,,0,18,Ap,Ap,,A,,,,,0,Silt,2924,05N00029,199975,HM,45692,5446,15757,17099,2879,825,9855,371,348493,129,3963,199,41,13210804,7/13/1999 0:00,Medium, , ,2.219000000000000,07060001000663,With Digitized,0,StreamRiver,46003,0.022286279,TRUE,0,,,100.000000000000000,226724,,,,,402367,1035655,13210804,NHDFlowline,1.857600000000000,8/26/2003 0:00
550,1,496,1,945,0,496,32644,255339,S2005IA005002,8/26/2003,43.174868199999999,-91.3598065,US,United States,IA,Iowa,IA005,Allamakee,105,Northern Mississippi Valley Loess Hills,IA005,"Allamakee County, Iowa",,,,,Dubuque silt loam,Dubuque silt loam,series,189265,199976,05N00030,4749,32644,32786,11,horizon,S05IA-005-002-2,,,18,33,E1,E1,,E,,1,,,0,Silt,2925,05N00030,199976,HM,45701,4710,15999,17496,2856,816,10098,270,360335,127,3940,185,41,13210804,7/13/1999 0:00,Medium, , ,2.219000000000000,07060001000663,With Digitized,0,StreamRiver,46003,0.022286279,TRUE,0,,,100.000000000000000,226724,,,,,402367,1035655,13210804,NHDFlowline,1.857600000000000,8/26/2003 0:00
551,1,497,1,946,0,497,32644,255339,S2005IA005002,8/26/2003,43.174868199999999,-91.3598065,US,United States,IA,Iowa,IA005,Allamakee,105,Northern Mississippi Valley Loess Hills,IA005,"Allamakee County, Iowa",,,,,Dubuque silt loam,Dubuque silt loam,series,189266,199977,05N00031,4749,32644,32786,12,horizon,S05IA-005-002-3,,,33,46,E2,E2,,E,,2,,,0,Silt,2926,05N00031,199977,HM,43321,4264,14662,17861,2548,734,10113,215,356898,124,3788,168,41,13210804,7/13/1999 0:00,Medium, , ,2.219000000000000,07060001000663,With Digitized,0,StreamRiver,46003,0.022286279,TRUE,0,,,100.000000000000000,226724,,,,,402367,1035655,13210804,NHDFlowline,1.857600000000000,8/26/2003 0:00
552,1,498,1,947,0,498,32644,255339,S2005IA005002,8/26/2003,43.174868199999999,-91.3598065,US,United States,IA,Iowa,IA005,Allamakee,105,Northern Mississippi Valley Loess Hills,IA005,"Allamakee County, Iowa",,,,,Dubuque silt loam,Dubuque silt loam,series,189267,199978,05N00032,4749,32644,32786,13,horizon,S05IA-005-002-4,,,46,53,Bt1,Bt1,,B,,1,,,0,Silt loam,2927,05N00032,199978,HM,50323,4334,18397,18317,3188,493,9517,178,330370,123,3811,162,41,13210804,7/13/1999 0:00,Medium, , ,2.219000000000000,07060001000663,With Digitized,0,StreamRiver,46003,0.022286279,TRUE,0,,,100.000000000000000,226724,,,,,402367,1035655,13210804,NHDFlowline,1.857600000000000,8/26/2003 0:00
553,1,499,1,948,0,499,32644,255339,S2005IA005002,8/26/2003,43.174868199999999,-91.3598065,US,United States,IA,Iowa,IA005,Allamakee,105,Northern Mississippi Valley Loess Hills,IA005,"Allamakee County, Iowa",,,,,Dubuque silt loam,Dubuque silt loam,series,189268,199979,05N00033,4749,32644,32786,14,horizon,S05IA-005-002-5,,,53,71,Bt2,Bt2,,B,,2,,,0,Silty clay loam,2928,05N00033,199979,HM,61032,4694,25890,17961,4366,359,8636,276,331990,118,4090,191,41,13210804,7/13/1999 0:00,Medium, , ,2.219000000000000,07060001000663,With Digitized,0,StreamRiver,46003,0.022286279,TRUE,0,,,100.000000000000000,226724,,,,,402367,1035655,13210804,NHDFlowline,1.857600000000000,8/26/2003 0:00
554,1,500,1,949,0,500,32644,255339,S2005IA005002,8/26/2003,43.174868199999999,-91.3598065,US,United States,IA,Iowa,IA005,Allamakee,105,Northern Mississippi Valley Loess Hills,IA005,"Allamakee County, Iowa",,,,,Dubuque silt loam,Dubuque silt loam,series,189269,199980,05N00034,4749,32644,32786,15,horizon,S05IA-005-002-6,,,71,104,2Bt3,2Bt3,2,B,,3,,,0,Clay,2929,05N00034,199980,HM,91079,9008,48807,23378,6933,1082,3012,1028,272403,112,3827,159,41,13210804,7/13/1999 0:00,Medium, , ,2.219000000000000,07060001000663,With Digitized,0,StreamRiver,46003,0.022286279,TRUE,0,,,100.000000000000000,226724,,,,,402367,1035655,13210804,NHDFlowline,1.857600000000000,8/26/2003 0:00
555,1,501,1,950,0,501,32644,255339,S2005IA005002,8/26/2003,43.174868199999999,-91.3598065,US,United States,IA,Iowa,IA005,Allamakee,105,Northern Mississippi Valley Loess Hills,IA005,"Allamakee County, Iowa",,,,,Dubuque silt loam,Dubuque silt loam,series,189270,199981,05N00035,4749,32644,32786,16,horizon,S05IA-005-002-7,,,104,122,2Bt4,2Bt4,2,B,,4,,,0,Silty clay loam,2930,05N00035,199981,HM,90691,9927,43914,28839,6520,765,1310,1352,281457,119,3747,163,41,13210804,7/13/1999 0:00,Medium, , ,2.219000000000000,07060001000663,With Digitized,0,StreamRiver,46003,0.022286279,TRUE,0,,,100.000000000000000,226724,,,,,402367,1035655,13210804,NHDFlowline,1.857600000000000,8/26/2003 0:00
556,0,442,1,958,0,442,31216,160873,AR077 SCAN_Marianna,2/5/2004,34.783332799999997,-90.8166656,US,United States,AR,Arkansas,AR077,Lee,131,Southern Mississippi Valley Alluvium,AR077,"Lee County, Arkansas",,,,,Memphis,Memphis,series,182349,192635,04N04726,4498,31216,31335,1,horizon,S04AR-077-001-1,,,0,8,Ap,Ap,,A,,,,,0,Silt loam,2581,04N04726,192635,HM,42124,3415,19899,15666,3093,960,7124,619,380808,104,4170,199,82,,,,,,,,,,,,,,,,,,,,,,,564077,2113757,15343784,NHDFlowline,23.390100000000000,2/5/2004 0:00
557,0,512,1,959,0,512,33176,208117,AR109 Kizzia TP,5/16/2005,34.086666100000002,-93.6180573,US,United States,AR,Arkansas,AR109,Pike,135B,Cretaceous Western Coastal Plain,AR109,"Pike County, Arkansas",,,,,Kizzia,Kizzia,series,191362,202077,06N00996,4810,33176,33322,1,horizon,S05AR109001-1,,,0,10,A,A,,A,,,,,0,Fine sandy loam,3284,06N00996,202077,HM,15851,2450,9164,3850,965,2117,610,268,412651,20,3484,155,42,,,,,,,,,,,,,,,,,,,,,,,1542931,2145125,22699162,NHDFlowline,4.480200000000000,5/16/2005 0:00
558,0,513,1,960,0,513,33176,208117,AR109 Kizzia TP,5/16/2005,34.086666100000002,-93.6180573,US,United States,AR,Arkansas,AR109,Pike,135B,Cretaceous Western Coastal Plain,AR109,"Pike County, Arkansas",,,,,Kizzia,Kizzia,series,191364,202079,06N00998,4810,33176,33322,3,horizon,S05AR109005-3,,,18,30,Bt1,Bt1,,B,,1,,,0,Loam,3285,06N00998,202079,HM,24763,858,13673,4564,1185,1893,535,126,421208,15,3660,145,42,,,,,,,,,,,,,,,,,,,,,,,1542931,2145125,22699162,NHDFlowline,4.480200000000000,5/16/2005 0:00
559,0,514,1,961,0,514,33176,208117,AR109 Kizzia TP,5/16/2005,34.086666100000002,-93.6180573,US,United States,AR,Arkansas,AR109,Pike,135B,Cretaceous Western Coastal Plain,AR109,"Pike County, Arkansas",,,,,Kizzia,Kizzia,series,191366,202081,06N01000,4810,33176,33322,5,horizon,S05AR109005-5,,,91,183,Btx,Btx,,B,,,,,0,Fine sandy loam,3286,06N01000,202081,HM,29069,113,26765,4079,1563,7398,236,83,405756,23,3491,146,42,,,,,,,,,,,,,,,,,,,,,,,1542931,2145125,22699162,NHDFlowline,4.480200000000000,5/16/2005 0:00
